5/31/2022 23:25,0,-72516,-99071,P: 750 G: 50 - 500 Stgn: 25 Sel: Tourney Trny: 3 Mut: 0 MI: 0.1 Elit: 0 
5/31/2022 23:26,1,-68382,-92120,P: 750 G: 50 - 500 Stgn: 25 Sel: Tourney Trny: 3 Mut: 0 MI: 0.1 Elit: 0 
5/31/2022 23:27,2,-66869,-85872,P: 750 G: 50 - 500 Stgn: 25 Sel: Tourney Trny: 3 Mut: 0 MI: 0.1 Elit: 0 
5/31/2022 23:29,3,-60834,-79999,P: 750 G: 50 - 500 Stgn: 25 Sel: Tourney Trny: 3 Mut: 0 MI: 0.1 Elit: 0 
5/31/2022 23:30,4,-55743,-74647,P: 750 G: 50 - 500 Stgn: 25 Sel: Tourney Trny: 3 Mut: 0 MI: 0.1 Elit: 0 
5/31/2022 23:32,5,-53697,-69758,P: 750 G: 50 - 500 Stgn: 25 Sel: Tourney Trny: 3 Mut: 0 MI: 0.1 Elit: 0 
5/31/2022 23:33,6,-53369,-65556,P: 750 G: 50 - 500 Stgn: 25 Sel: Tourney Trny: 3 Mut: 0 MI: 0.1 Elit: 0 
5/31/2022 23:34,7,-48168,-61547,P: 750 G: 50 - 500 Stgn: 25 Sel: Tourney Trny: 3 Mut: 0 MI: 0.1 Elit: 0 
5/31/2022 23:36,8,-46617,-57774,P: 750 G: 50 - 500 Stgn: 25 Sel: Tourney Trny: 3 Mut: 0 MI: 0.1 Elit: 0 
5/31/2022 23:38,9,-44126,-54415,P: 750 G: 50 - 500 Stgn: 25 Sel: Tourney Trny: 3 Mut: 0 MI: 0.1 Elit: 0 
5/31/2022 23:39,10,-42513,-51191,P: 750 G: 50 - 500 Stgn: 25 Sel: Tourney Trny: 3 Mut: 0 MI: 0.1 Elit: 0 
5/31/2022 23:41,11,-38360,-48221,P: 750 G: 50 - 500 Stgn: 25 Sel: Tourney Trny: 3 Mut: 0 MI: 0.1 Elit: 0 
5/31/2022 23:42,12,-36331,-45773,P: 750 G: 50 - 500 Stgn: 25 Sel: Tourney Trny: 3 Mut: 0 MI: 0.1 Elit: 0 
5/31/2022 23:44,13,-35643,-43250,P: 750 G: 50 - 500 Stgn: 25 Sel: Tourney Trny: 3 Mut: 0 MI: 0.1 Elit: 0 
5/31/2022 23:45,14,-32810,-40960,P: 750 G: 50 - 500 Stgn: 25 Sel: Tourney Trny: 3 Mut: 0 MI: 0.1 Elit: 0 
5/31/2022 23:47,15,-31833,-38845,P: 750 G: 50 - 500 Stgn: 25 Sel: Tourney Trny: 3 Mut: 0 MI: 0.1 Elit: 0 
5/31/2022 23:48,16,-30766,-37113,P: 750 G: 50 - 500 Stgn: 25 Sel: Tourney Trny: 3 Mut: 0 MI: 0.1 Elit: 0 
5/31/2022 23:50,17,-29483,-35469,P: 750 G: 50 - 500 Stgn: 25 Sel: Tourney Trny: 3 Mut: 0 MI: 0.1 Elit: 0 
5/31/2022 23:51,18,-27968,-33855,P: 750 G: 50 - 500 Stgn: 25 Sel: Tourney Trny: 3 Mut: 0 MI: 0.1 Elit: 0 
5/31/2022 23:53,19,-27106,-32433,P: 750 G: 50 - 500 Stgn: 25 Sel: Tourney Trny: 3 Mut: 0 MI: 0.1 Elit: 0 
5/31/2022 23:55,20,-25775,-31113,P: 750 G: 50 - 500 Stgn: 25 Sel: Tourney Trny: 3 Mut: 0 MI: 0.1 Elit: 0 
5/31/2022 23:56,21,-25774,-29875,P: 750 G: 50 - 500 Stgn: 25 Sel: Tourney Trny: 3 Mut: 0 MI: 0.1 Elit: 0 
5/31/2022 23:58,22,-23357,-28677,P: 750 G: 50 - 500 Stgn: 25 Sel: Tourney Trny: 3 Mut: 0 MI: 0.1 Elit: 0 
5/31/2022 23:59,23,-22998,-27655,P: 750 G: 50 - 500 Stgn: 25 Sel: Tourney Trny: 3 Mut: 0 MI: 0.1 Elit: 0 
6/1/2022 0:01,24,-23009,-26838,P: 750 G: 50 - 500 Stgn: 25 Sel: Tourney Trny: 3 Mut: 0 MI: 0.1 Elit: 0 
6/1/2022 0:02,25,-22470,-25911,P: 750 G: 50 - 500 Stgn: 25 Sel: Tourney Trny: 3 Mut: 0 MI: 0.1 Elit: 0 
6/1/2022 0:04,26,-21588,-25202,P: 750 G: 50 - 500 Stgn: 25 Sel: Tourney Trny: 3 Mut: 0 MI: 0.1 Elit: 0 
6/1/2022 0:06,27,-21263,-24505,P: 750 G: 50 - 500 Stgn: 25 Sel: Tourney Trny: 3 Mut: 0 MI: 0.1 Elit: 0 
6/1/2022 0:07,28,-20207,-23828,P: 750 G: 50 - 500 Stgn: 25 Sel: Tourney Trny: 3 Mut: 0 MI: 0.1 Elit: 0 
6/1/2022 0:09,29,-19407,-23255,P: 750 G: 50 - 500 Stgn: 25 Sel: Tourney Trny: 3 Mut: 0 MI: 0.1 Elit: 0 
6/1/2022 0:10,30,-18527,-22662,P: 750 G: 50 - 500 Stgn: 25 Sel: Tourney Trny: 3 Mut: 0 MI: 0.1 Elit: 0 
6/1/2022 0:12,31,-19237,-22238,P: 750 G: 50 - 500 Stgn: 25 Sel: Tourney Trny: 3 Mut: 0 MI: 0.1 Elit: 0 
6/1/2022 0:14,32,-18331,-21676,P: 750 G: 50 - 500 Stgn: 25 Sel: Tourney Trny: 3 Mut: 0 MI: 0.1 Elit: 0 
6/1/2022 0:15,33,-18165,-21249,P: 750 G: 50 - 500 Stgn: 25 Sel: Tourney Trny: 3 Mut: 0 MI: 0.1 Elit: 0 
6/1/2022 0:17,34,-17328,-20873,P: 750 G: 50 - 500 Stgn: 25 Sel: Tourney Trny: 3 Mut: 0 MI: 0.1 Elit: 0 
6/1/2022 0:18,35,-17252,-20498,P: 750 G: 50 - 500 Stgn: 25 Sel: Tourney Trny: 3 Mut: 0 MI: 0.1 Elit: 0 
6/1/2022 0:20,36,-16816,-20144,P: 750 G: 50 - 500 Stgn: 25 Sel: Tourney Trny: 3 Mut: 0 MI: 0.1 Elit: 0 
6/1/2022 0:22,37,-16923,-19870,P: 750 G: 50 - 500 Stgn: 25 Sel: Tourney Trny: 3 Mut: 0 MI: 0.1 Elit: 0 
6/1/2022 0:23,38,-16968,-19560,P: 750 G: 50 - 500 Stgn: 25 Sel: Tourney Trny: 3 Mut: 0 MI: 0.1 Elit: 0 
6/1/2022 0:25,39,-16699,-19358,P: 750 G: 50 - 500 Stgn: 25 Sel: Tourney Trny: 3 Mut: 0 MI: 0.1 Elit: 0 
6/1/2022 0:27,40,-16822,-19050,P: 750 G: 50 - 500 Stgn: 25 Sel: Tourney Trny: 3 Mut: 0 MI: 0.1 Elit: 0 
6/1/2022 0:28,41,-16271,-18784,P: 750 G: 50 - 500 Stgn: 25 Sel: Tourney Trny: 3 Mut: 0 MI: 0.1 Elit: 0 
6/1/2022 0:30,42,-15748,-18515,P: 750 G: 50 - 500 Stgn: 25 Sel: Tourney Trny: 3 Mut: 0 MI: 0.1 Elit: 0 
6/1/2022 0:32,43,-16036,-18354,P: 750 G: 50 - 500 Stgn: 25 Sel: Tourney Trny: 3 Mut: 0 MI: 0.1 Elit: 0 
6/1/2022 0:33,44,-15680,-18153,P: 750 G: 50 - 500 Stgn: 25 Sel: Tourney Trny: 3 Mut: 0 MI: 0.1 Elit: 0 
6/1/2022 0:35,45,-15536,-17974,P: 750 G: 50 - 500 Stgn: 25 Sel: Tourney Trny: 3 Mut: 0 MI: 0.1 Elit: 0 
6/1/2022 0:36,46,-15467,-17774,P: 750 G: 50 - 500 Stgn: 25 Sel: Tourney Trny: 3 Mut: 0 MI: 0.1 Elit: 0 
6/1/2022 0:38,47,-15516,-17655,P: 750 G: 50 - 500 Stgn: 25 Sel: Tourney Trny: 3 Mut: 0 MI: 0.1 Elit: 0 
6/1/2022 0:40,48,-15489,-17550,P: 750 G: 50 - 500 Stgn: 25 Sel: Tourney Trny: 3 Mut: 0 MI: 0.1 Elit: 0 
6/1/2022 0:41,49,-15025,-17367,P: 750 G: 50 - 500 Stgn: 25 Sel: Tourney Trny: 3 Mut: 0 MI: 0.1 Elit: 0 
6/1/2022 0:43,50,-14884,-17240,P: 750 G: 50 - 500 Stgn: 25 Sel: Tourney Trny: 3 Mut: 0 MI: 0.1 Elit: 0 
6/1/2022 0:45,51,-14853,-17097,P: 750 G: 50 - 500 Stgn: 25 Sel: Tourney Trny: 3 Mut: 0 MI: 0.1 Elit: 0 
6/1/2022 0:46,52,-14951,-16974,P: 750 G: 50 - 500 Stgn: 25 Sel: Tourney Trny: 3 Mut: 0 MI: 0.1 Elit: 0 
6/1/2022 0:48,53,-14441,-16833,P: 750 G: 50 - 500 Stgn: 25 Sel: Tourney Trny: 3 Mut: 0 MI: 0.1 Elit: 0 
6/1/2022 0:50,54,-13993,-16730,P: 750 G: 50 - 500 Stgn: 25 Sel: Tourney Trny: 3 Mut: 0 MI: 0.1 Elit: 0 
6/1/2022 0:51,55,-14361,-16649,P: 750 G: 50 - 500 Stgn: 25 Sel: Tourney Trny: 3 Mut: 0 MI: 0.1 Elit: 0 
6/1/2022 0:53,56,-14162,-16522,P: 750 G: 50 - 500 Stgn: 25 Sel: Tourney Trny: 3 Mut: 0 MI: 0.1 Elit: 0 
6/1/2022 0:55,57,-13980,-16457,P: 750 G: 50 - 500 Stgn: 25 Sel: Tourney Trny: 3 Mut: 0 MI: 0.1 Elit: 0 
6/1/2022 0:56,58,-13727,-16352,P: 750 G: 50 - 500 Stgn: 25 Sel: Tourney Trny: 3 Mut: 0 MI: 0.1 Elit: 0 
6/1/2022 0:58,59,-13768,-16290,P: 750 G: 50 - 500 Stgn: 25 Sel: Tourney Trny: 3 Mut: 0 MI: 0.1 Elit: 0 
6/1/2022 1:00,60,-14062,-16148,P: 750 G: 50 - 500 Stgn: 25 Sel: Tourney Trny: 3 Mut: 0 MI: 0.1 Elit: 0 
6/1/2022 1:01,61,-13959,-16162,P: 750 G: 50 - 500 Stgn: 25 Sel: Tourney Trny: 3 Mut: 0 MI: 0.1 Elit: 0 
6/1/2022 1:03,62,-13853,-16002,P: 750 G: 50 - 500 Stgn: 25 Sel: Tourney Trny: 3 Mut: 0 MI: 0.1 Elit: 0 
6/1/2022 1:05,63,-13469,-16005,P: 750 G: 50 - 500 Stgn: 25 Sel: Tourney Trny: 3 Mut: 0 MI: 0.1 Elit: 0 
6/1/2022 1:06,64,-13372,-15984,P: 750 G: 50 - 500 Stgn: 25 Sel: Tourney Trny: 3 Mut: 0 MI: 0.1 Elit: 0 
6/1/2022 1:08,65,-13987,-15921,P: 750 G: 50 - 500 Stgn: 25 Sel: Tourney Trny: 3 Mut: 0 MI: 0.1 Elit: 0 
6/1/2022 1:10,66,-13732,-15825,P: 750 G: 50 - 500 Stgn: 25 Sel: Tourney Trny: 3 Mut: 0 MI: 0.1 Elit: 0 
6/1/2022 1:11,67,-13729,-15734,P: 750 G: 50 - 500 Stgn: 25 Sel: Tourney Trny: 3 Mut: 0 MI: 0.1 Elit: 0 
6/1/2022 1:13,68,-13084,-15701,P: 750 G: 50 - 500 Stgn: 25 Sel: Tourney Trny: 3 Mut: 0 MI: 0.1 Elit: 0 
6/1/2022 1:15,69,-13222,-15554,P: 750 G: 50 - 500 Stgn: 25 Sel: Tourney Trny: 3 Mut: 0 MI: 0.1 Elit: 0 
6/1/2022 1:17,70,-12961,-15522,P: 750 G: 50 - 500 Stgn: 25 Sel: Tourney Trny: 3 Mut: 0 MI: 0.1 Elit: 0 
6/1/2022 1:18,71,-13183,-15510,P: 750 G: 50 - 500 Stgn: 25 Sel: Tourney Trny: 3 Mut: 0 MI: 0.1 Elit: 0 
6/1/2022 1:20,72,-13244,-15416,P: 750 G: 50 - 500 Stgn: 25 Sel: Tourney Trny: 3 Mut: 0 MI: 0.1 Elit: 0 
6/1/2022 1:22,73,-13097,-15366,P: 750 G: 50 - 500 Stgn: 25 Sel: Tourney Trny: 3 Mut: 0 MI: 0.1 Elit: 0 
6/1/2022 1:23,74,-13007,-15279,P: 750 G: 50 - 500 Stgn: 25 Sel: Tourney Trny: 3 Mut: 0 MI: 0.1 Elit: 0 
6/1/2022 1:25,75,-12367,-15311,P: 750 G: 50 - 500 Stgn: 25 Sel: Tourney Trny: 3 Mut: 0 MI: 0.1 Elit: 0 
6/1/2022 1:27,76,-12687,-15223,P: 750 G: 50 - 500 Stgn: 25 Sel: Tourney Trny: 3 Mut: 0 MI: 0.1 Elit: 0 
6/1/2022 1:28,77,-12920,-15199,P: 750 G: 50 - 500 Stgn: 25 Sel: Tourney Trny: 3 Mut: 0 MI: 0.1 Elit: 0 
6/1/2022 1:30,78,-12550,-15125,P: 750 G: 50 - 500 Stgn: 25 Sel: Tourney Trny: 3 Mut: 0 MI: 0.1 Elit: 0 
6/1/2022 1:32,79,-12513,-15095,P: 750 G: 50 - 500 Stgn: 25 Sel: Tourney Trny: 3 Mut: 0 MI: 0.1 Elit: 0 
6/1/2022 1:33,80,-12993,-15082,P: 750 G: 50 - 500 Stgn: 25 Sel: Tourney Trny: 3 Mut: 0 MI: 0.1 Elit: 0 
6/1/2022 1:35,81,-12687,-15086,P: 750 G: 50 - 500 Stgn: 25 Sel: Tourney Trny: 3 Mut: 0 MI: 0.1 Elit: 0 
6/1/2022 1:37,82,-12697,-15040,P: 750 G: 50 - 500 Stgn: 25 Sel: Tourney Trny: 3 Mut: 0 MI: 0.1 Elit: 0 
6/1/2022 1:39,83,-13105,-15027,P: 750 G: 50 - 500 Stgn: 25 Sel: Tourney Trny: 3 Mut: 0 MI: 0.1 Elit: 0 
6/1/2022 1:40,84,-12845,-14959,P: 750 G: 50 - 500 Stgn: 25 Sel: Tourney Trny: 3 Mut: 0 MI: 0.1 Elit: 0 
6/1/2022 1:42,85,-12888,-14966,P: 750 G: 50 - 500 Stgn: 25 Sel: Tourney Trny: 3 Mut: 0 MI: 0.1 Elit: 0 
6/1/2022 1:44,86,-12619,-14950,P: 750 G: 50 - 500 Stgn: 25 Sel: Tourney Trny: 3 Mut: 0 MI: 0.1 Elit: 0 
6/1/2022 1:45,87,-12554,-14885,P: 750 G: 50 - 500 Stgn: 25 Sel: Tourney Trny: 3 Mut: 0 MI: 0.1 Elit: 0 
6/1/2022 1:47,88,-12505,-14863,P: 750 G: 50 - 500 Stgn: 25 Sel: Tourney Trny: 3 Mut: 0 MI: 0.1 Elit: 0 
6/1/2022 1:49,89,-12175,-14867,P: 750 G: 50 - 500 Stgn: 25 Sel: Tourney Trny: 3 Mut: 0 MI: 0.1 Elit: 0 
6/1/2022 1:50,90,-12924,-14838,P: 750 G: 50 - 500 Stgn: 25 Sel: Tourney Trny: 3 Mut: 0 MI: 0.1 Elit: 0 
6/1/2022 1:52,91,-12670,-14756,P: 750 G: 50 - 500 Stgn: 25 Sel: Tourney Trny: 3 Mut: 0 MI: 0.1 Elit: 0 
6/1/2022 1:54,92,-12652,-14750,P: 750 G: 50 - 500 Stgn: 25 Sel: Tourney Trny: 3 Mut: 0 MI: 0.1 Elit: 0 
6/1/2022 1:55,93,-12812,-14779,P: 750 G: 50 - 500 Stgn: 25 Sel: Tourney Trny: 3 Mut: 0 MI: 0.1 Elit: 0 
6/1/2022 1:57,94,-12669,-14726,P: 750 G: 50 - 500 Stgn: 25 Sel: Tourney Trny: 3 Mut: 0 MI: 0.1 Elit: 0 
6/1/2022 1:59,95,-12577,-14723,P: 750 G: 50 - 500 Stgn: 25 Sel: Tourney Trny: 3 Mut: 0 MI: 0.1 Elit: 0 
6/1/2022 2:01,96,-12298,-14679,P: 750 G: 50 - 500 Stgn: 25 Sel: Tourney Trny: 3 Mut: 0 MI: 0.1 Elit: 0 
6/1/2022 2:02,97,-12629,-14623,P: 750 G: 50 - 500 Stgn: 25 Sel: Tourney Trny: 3 Mut: 0 MI: 0.1 Elit: 0 
6/1/2022 2:04,98,-12600,-14704,P: 750 G: 50 - 500 Stgn: 25 Sel: Tourney Trny: 3 Mut: 0 MI: 0.1 Elit: 0 
6/1/2022 2:06,99,-12322,-14636,P: 750 G: 50 - 500 Stgn: 25 Sel: Tourney Trny: 3 Mut: 0 MI: 0.1 Elit: 0 
6/1/2022 2:07,100,-12670,-14655,P: 750 G: 50 - 500 Stgn: 25 Sel: Tourney Trny: 3 Mut: 0 MI: 0.1 Elit: 0 
6/1/2022 2:09,101,-12610,-14655,P: 750 G: 50 - 500 Stgn: 25 Sel: Tourney Trny: 3 Mut: 0 MI: 0.1 Elit: 0 
6/1/2022 2:11,102,-12020,-14561,P: 750 G: 50 - 500 Stgn: 25 Sel: Tourney Trny: 3 Mut: 0 MI: 0.1 Elit: 0 
6/1/2022 2:12,103,-11869,-14589,P: 750 G: 50 - 500 Stgn: 25 Sel: Tourney Trny: 3 Mut: 0 MI: 0.1 Elit: 0 
6/1/2022 2:14,104,-12481,-14567,P: 750 G: 50 - 500 Stgn: 25 Sel: Tourney Trny: 3 Mut: 0 MI: 0.1 Elit: 0 
6/1/2022 2:16,105,-12521,-14544,P: 750 G: 50 - 500 Stgn: 25 Sel: Tourney Trny: 3 Mut: 0 MI: 0.1 Elit: 0 
6/1/2022 2:18,106,-12046,-14483,P: 750 G: 50 - 500 Stgn: 25 Sel: Tourney Trny: 3 Mut: 0 MI: 0.1 Elit: 0 
6/1/2022 2:19,107,-12442,-14527,P: 750 G: 50 - 500 Stgn: 25 Sel: Tourney Trny: 3 Mut: 0 MI: 0.1 Elit: 0 
6/1/2022 2:21,108,-12047,-14498,P: 750 G: 50 - 500 Stgn: 25 Sel: Tourney Trny: 3 Mut: 0 MI: 0.1 Elit: 0 
6/1/2022 2:23,109,-12298,-14489,P: 750 G: 50 - 500 Stgn: 25 Sel: Tourney Trny: 3 Mut: 0 MI: 0.1 Elit: 0 
6/1/2022 2:24,110,-12292,-14439,P: 750 G: 50 - 500 Stgn: 25 Sel: Tourney Trny: 3 Mut: 0 MI: 0.1 Elit: 0 
6/1/2022 2:26,111,-12226,-14427,P: 750 G: 50 - 500 Stgn: 25 Sel: Tourney Trny: 3 Mut: 0 MI: 0.1 Elit: 0 
6/1/2022 2:28,112,-12275,-14395,P: 750 G: 50 - 500 Stgn: 25 Sel: Tourney Trny: 3 Mut: 0 MI: 0.1 Elit: 0 
6/1/2022 2:29,113,-12082,-14401,P: 750 G: 50 - 500 Stgn: 25 Sel: Tourney Trny: 3 Mut: 0 MI: 0.1 Elit: 0 
6/1/2022 2:31,114,-12136,-14360,P: 750 G: 50 - 500 Stgn: 25 Sel: Tourney Trny: 3 Mut: 0 MI: 0.1 Elit: 0 
6/1/2022 2:33,115,-12113,-14356,P: 750 G: 50 - 500 Stgn: 25 Sel: Tourney Trny: 3 Mut: 0 MI: 0.1 Elit: 0 
6/1/2022 2:34,116,-12176,-14434,P: 750 G: 50 - 500 Stgn: 25 Sel: Tourney Trny: 3 Mut: 0 MI: 0.1 Elit: 0 
6/1/2022 2:36,117,-12136,-14369,P: 750 G: 50 - 500 Stgn: 25 Sel: Tourney Trny: 3 Mut: 0 MI: 0.1 Elit: 0 
6/1/2022 2:38,118,-12393,-14304,P: 750 G: 50 - 500 Stgn: 25 Sel: Tourney Trny: 3 Mut: 0 MI: 0.1 Elit: 0 
6/1/2022 2:39,119,-12188,-14335,P: 750 G: 50 - 500 Stgn: 25 Sel: Tourney Trny: 3 Mut: 0 MI: 0.1 Elit: 0 
6/1/2022 2:41,120,-11993,-14326,P: 750 G: 50 - 500 Stgn: 25 Sel: Tourney Trny: 3 Mut: 0 MI: 0.1 Elit: 0 
6/1/2022 2:43,121,-12440,-14304,P: 750 G: 50 - 500 Stgn: 25 Sel: Tourney Trny: 3 Mut: 0 MI: 0.1 Elit: 0 
6/1/2022 2:45,122,-12432,-14269,P: 750 G: 50 - 500 Stgn: 25 Sel: Tourney Trny: 3 Mut: 0 MI: 0.1 Elit: 0 
6/1/2022 2:46,123,-11816,-14281,P: 750 G: 50 - 500 Stgn: 25 Sel: Tourney Trny: 3 Mut: 0 MI: 0.1 Elit: 0 
6/1/2022 2:48,124,-12113,-14267,P: 750 G: 50 - 500 Stgn: 25 Sel: Tourney Trny: 3 Mut: 0 MI: 0.1 Elit: 0 
6/1/2022 2:50,125,-11972,-14275,P: 750 G: 50 - 500 Stgn: 25 Sel: Tourney Trny: 3 Mut: 0 MI: 0.1 Elit: 0 
6/1/2022 2:51,126,-12234,-14276,P: 750 G: 50 - 500 Stgn: 25 Sel: Tourney Trny: 3 Mut: 0 MI: 0.1 Elit: 0 
6/1/2022 2:53,127,-11643,-14304,P: 750 G: 50 - 500 Stgn: 25 Sel: Tourney Trny: 3 Mut: 0 MI: 0.1 Elit: 0 
6/1/2022 2:55,128,-12131,-14261,P: 750 G: 50 - 500 Stgn: 25 Sel: Tourney Trny: 3 Mut: 0 MI: 0.1 Elit: 0 
6/1/2022 2:56,129,-11655,-14211,P: 750 G: 50 - 500 Stgn: 25 Sel: Tourney Trny: 3 Mut: 0 MI: 0.1 Elit: 0 
6/1/2022 2:58,130,-12039,-14189,P: 750 G: 50 - 500 Stgn: 25 Sel: Tourney Trny: 3 Mut: 0 MI: 0.1 Elit: 0 
6/1/2022 3:00,131,-12174,-14208,P: 750 G: 50 - 500 Stgn: 25 Sel: Tourney Trny: 3 Mut: 0 MI: 0.1 Elit: 0 
6/1/2022 3:02,132,-12258,-14211,P: 750 G: 50 - 500 Stgn: 25 Sel: Tourney Trny: 3 Mut: 0 MI: 0.1 Elit: 0 
6/1/2022 3:03,133,-11972,-14188,P: 750 G: 50 - 500 Stgn: 25 Sel: Tourney Trny: 3 Mut: 0 MI: 0.1 Elit: 0 
6/1/2022 3:05,134,-11959,-14221,P: 750 G: 50 - 500 Stgn: 25 Sel: Tourney Trny: 3 Mut: 0 MI: 0.1 Elit: 0 
6/1/2022 3:07,135,-12054,-14205,P: 750 G: 50 - 500 Stgn: 25 Sel: Tourney Trny: 3 Mut: 0 MI: 0.1 Elit: 0 
6/1/2022 3:08,136,-11930,-14193,P: 750 G: 50 - 500 Stgn: 25 Sel: Tourney Trny: 3 Mut: 0 MI: 0.1 Elit: 0 
6/1/2022 3:10,137,-11928,-14223,P: 750 G: 50 - 500 Stgn: 25 Sel: Tourney Trny: 3 Mut: 0 MI: 0.1 Elit: 0 
6/1/2022 3:12,138,-11702,-14164,P: 750 G: 50 - 500 Stgn: 25 Sel: Tourney Trny: 3 Mut: 0 MI: 0.1 Elit: 0 
6/1/2022 3:14,139,-11110,-14174,P: 750 G: 50 - 500 Stgn: 25 Sel: Tourney Trny: 3 Mut: 0 MI: 0.1 Elit: 0 
6/1/2022 3:15,140,-11827,-14120,P: 750 G: 50 - 500 Stgn: 25 Sel: Tourney Trny: 3 Mut: 0 MI: 0.1 Elit: 0 
6/1/2022 3:17,141,-12282,-14194,P: 750 G: 50 - 500 Stgn: 25 Sel: Tourney Trny: 3 Mut: 0 MI: 0.1 Elit: 0 
6/1/2022 3:19,142,-12142,-14161,P: 750 G: 50 - 500 Stgn: 25 Sel: Tourney Trny: 3 Mut: 0 MI: 0.1 Elit: 0 
6/1/2022 3:20,143,-11974,-14176,P: 750 G: 50 - 500 Stgn: 25 Sel: Tourney Trny: 3 Mut: 0 MI: 0.1 Elit: 0 
6/1/2022 3:22,144,-12101,-14148,P: 750 G: 50 - 500 Stgn: 25 Sel: Tourney Trny: 3 Mut: 0 MI: 0.1 Elit: 0 
6/1/2022 3:24,145,-12250,-14112,P: 750 G: 50 - 500 Stgn: 25 Sel: Tourney Trny: 3 Mut: 0 MI: 0.1 Elit: 0 
6/1/2022 3:26,146,-11888,-14125,P: 750 G: 50 - 500 Stgn: 25 Sel: Tourney Trny: 3 Mut: 0 MI: 0.1 Elit: 0 
6/1/2022 3:27,147,-12274,-14130,P: 750 G: 50 - 500 Stgn: 25 Sel: Tourney Trny: 3 Mut: 0 MI: 0.1 Elit: 0 
6/1/2022 3:29,148,-11455,-14102,P: 750 G: 50 - 500 Stgn: 25 Sel: Tourney Trny: 3 Mut: 0 MI: 0.1 Elit: 0 
6/1/2022 3:31,149,-11117,-14091,P: 750 G: 50 - 500 Stgn: 25 Sel: Tourney Trny: 3 Mut: 0 MI: 0.1 Elit: 0 
6/1/2022 3:33,150,-11930,-14121,P: 750 G: 50 - 500 Stgn: 25 Sel: Tourney Trny: 3 Mut: 0 MI: 0.1 Elit: 0 
6/1/2022 3:34,151,-12101,-14136,P: 750 G: 50 - 500 Stgn: 25 Sel: Tourney Trny: 3 Mut: 0 MI: 0.1 Elit: 0 
6/1/2022 3:36,152,-12127,-14050,P: 750 G: 50 - 500 Stgn: 25 Sel: Tourney Trny: 3 Mut: 0 MI: 0.1 Elit: 0 
6/1/2022 3:38,153,-12128,-14129,P: 750 G: 50 - 500 Stgn: 25 Sel: Tourney Trny: 3 Mut: 0 MI: 0.1 Elit: 0 
6/1/2022 3:39,154,-11968,-14124,P: 750 G: 50 - 500 Stgn: 25 Sel: Tourney Trny: 3 Mut: 0 MI: 0.1 Elit: 0 
6/1/2022 3:41,155,-11966,-14061,P: 750 G: 50 - 500 Stgn: 25 Sel: Tourney Trny: 3 Mut: 0 MI: 0.1 Elit: 0 
6/1/2022 3:43,156,-11997,-14076,P: 750 G: 50 - 500 Stgn: 25 Sel: Tourney Trny: 3 Mut: 0 MI: 0.1 Elit: 0 
6/1/2022 3:44,157,-12103,-14063,P: 750 G: 50 - 500 Stgn: 25 Sel: Tourney Trny: 3 Mut: 0 MI: 0.1 Elit: 0 
6/1/2022 3:46,158,-11694,-14089,P: 750 G: 50 - 500 Stgn: 25 Sel: Tourney Trny: 3 Mut: 0 MI: 0.1 Elit: 0 
6/1/2022 3:48,159,-11669,-14028,P: 750 G: 50 - 500 Stgn: 25 Sel: Tourney Trny: 3 Mut: 0 MI: 0.1 Elit: 0 
6/1/2022 3:50,160,-11172,-14087,P: 750 G: 50 - 500 Stgn: 25 Sel: Tourney Trny: 3 Mut: 0 MI: 0.1 Elit: 0 
6/1/2022 3:51,161,-11988,-14049,P: 750 G: 50 - 500 Stgn: 25 Sel: Tourney Trny: 3 Mut: 0 MI: 0.1 Elit: 0 
6/1/2022 3:53,162,-11788,-14010,P: 750 G: 50 - 500 Stgn: 25 Sel: Tourney Trny: 3 Mut: 0 MI: 0.1 Elit: 0 
6/1/2022 3:55,163,-12020,-14049,P: 750 G: 50 - 500 Stgn: 25 Sel: Tourney Trny: 3 Mut: 0 MI: 0.1 Elit: 0 
6/1/2022 3:57,164,-11912,-14056,P: 750 G: 50 - 500 Stgn: 25 Sel: Tourney Trny: 3 Mut: 0 MI: 0.1 Elit: 0 
6/1/2022 3:58,165,-12143,-14026,P: 750 G: 50 - 500 Stgn: 25 Sel: Tourney Trny: 3 Mut: 0 MI: 0.1 Elit: 0 
6/1/2022 4:00,166,-11641,-14039,P: 750 G: 50 - 500 Stgn: 25 Sel: Tourney Trny: 3 Mut: 0 MI: 0.1 Elit: 0 
6/1/2022 4:02,167,-11956,-14036,P: 750 G: 50 - 500 Stgn: 25 Sel: Tourney Trny: 3 Mut: 0 MI: 0.1 Elit: 0 
6/1/2022 4:04,168,-11851,-14059,P: 750 G: 50 - 500 Stgn: 25 Sel: Tourney Trny: 3 Mut: 0 MI: 0.1 Elit: 0 
6/1/2022 4:05,169,-11730,-14046,P: 750 G: 50 - 500 Stgn: 25 Sel: Tourney Trny: 3 Mut: 0 MI: 0.1 Elit: 0 
6/1/2022 4:07,170,-11722,-14029,P: 750 G: 50 - 500 Stgn: 25 Sel: Tourney Trny: 3 Mut: 0 MI: 0.1 Elit: 0 
6/1/2022 4:09,171,-11529,-13999,P: 750 G: 50 - 500 Stgn: 25 Sel: Tourney Trny: 3 Mut: 0 MI: 0.1 Elit: 0 
6/1/2022 4:10,172,-11493,-13963,P: 750 G: 50 - 500 Stgn: 25 Sel: Tourney Trny: 3 Mut: 0 MI: 0.1 Elit: 0 
6/1/2022 4:12,173,-11849,-13987,P: 750 G: 50 - 500 Stgn: 25 Sel: Tourney Trny: 3 Mut: 0 MI: 0.1 Elit: 0 
6/1/2022 4:14,174,-11828,-14017,P: 750 G: 50 - 500 Stgn: 25 Sel: Tourney Trny: 3 Mut: 0 MI: 0.1 Elit: 0 
6/1/2022 4:15,175,-11847,-14023,P: 750 G: 50 - 500 Stgn: 25 Sel: Tourney Trny: 3 Mut: 0 MI: 0.1 Elit: 0 
6/1/2022 4:17,176,-11565,-13955,P: 750 G: 50 - 500 Stgn: 25 Sel: Tourney Trny: 3 Mut: 0 MI: 0.1 Elit: 0 
6/1/2022 4:19,177,-11757,-13932,P: 750 G: 50 - 500 Stgn: 25 Sel: Tourney Trny: 3 Mut: 0 MI: 0.1 Elit: 0 
6/1/2022 4:21,178,-11387,-13982,P: 750 G: 50 - 500 Stgn: 25 Sel: Tourney Trny: 3 Mut: 0 MI: 0.1 Elit: 0 
6/1/2022 4:22,179,-11710,-14025,P: 750 G: 50 - 500 Stgn: 25 Sel: Tourney Trny: 3 Mut: 0 MI: 0.1 Elit: 0 
6/1/2022 4:24,180,-11414,-13964,P: 750 G: 50 - 500 Stgn: 25 Sel: Tourney Trny: 3 Mut: 0 MI: 0.1 Elit: 0 
6/1/2022 4:26,181,-11776,-13951,P: 750 G: 50 - 500 Stgn: 25 Sel: Tourney Trny: 3 Mut: 0 MI: 0.1 Elit: 0 
6/1/2022 4:27,182,-11594,-13981,P: 750 G: 50 - 500 Stgn: 25 Sel: Tourney Trny: 3 Mut: 0 MI: 0.1 Elit: 0 
6/1/2022 4:29,183,-11855,-13939,P: 750 G: 50 - 500 Stgn: 25 Sel: Tourney Trny: 3 Mut: 0 MI: 0.1 Elit: 0 
6/1/2022 4:31,184,-11962,-13945,P: 750 G: 50 - 500 Stgn: 25 Sel: Tourney Trny: 3 Mut: 0 MI: 0.1 Elit: 0 
6/1/2022 4:32,185,-11669,-13906,P: 750 G: 50 - 500 Stgn: 25 Sel: Tourney Trny: 3 Mut: 0 MI: 0.1 Elit: 0 
6/1/2022 4:34,186,-11715,-13939,P: 750 G: 50 - 500 Stgn: 25 Sel: Tourney Trny: 3 Mut: 0 MI: 0.1 Elit: 0 
6/1/2022 4:36,187,-11960,-13968,P: 750 G: 50 - 500 Stgn: 25 Sel: Tourney Trny: 3 Mut: 0 MI: 0.1 Elit: 0 
6/1/2022 4:37,188,-10976,-13906,P: 750 G: 50 - 500 Stgn: 25 Sel: Tourney Trny: 3 Mut: 0 MI: 0.1 Elit: 0 
6/1/2022 4:39,189,-11363,-13951,P: 750 G: 50 - 500 Stgn: 25 Sel: Tourney Trny: 3 Mut: 0 MI: 0.1 Elit: 0 
6/1/2022 4:41,190,-11727,-13896,P: 750 G: 50 - 500 Stgn: 25 Sel: Tourney Trny: 3 Mut: 0 MI: 0.1 Elit: 0 
6/1/2022 4:42,191,-11770,-13927,P: 750 G: 50 - 500 Stgn: 25 Sel: Tourney Trny: 3 Mut: 0 MI: 0.1 Elit: 0 
6/1/2022 4:44,192,-11290,-13962,P: 750 G: 50 - 500 Stgn: 25 Sel: Tourney Trny: 3 Mut: 0 MI: 0.1 Elit: 0 
6/1/2022 4:46,193,-11206,-13895,P: 750 G: 50 - 500 Stgn: 25 Sel: Tourney Trny: 3 Mut: 0 MI: 0.1 Elit: 0 
6/1/2022 4:48,194,-11767,-13965,P: 750 G: 50 - 500 Stgn: 25 Sel: Tourney Trny: 3 Mut: 0 MI: 0.1 Elit: 0 
6/1/2022 4:49,195,-11510,-13951,P: 750 G: 50 - 500 Stgn: 25 Sel: Tourney Trny: 3 Mut: 0 MI: 0.1 Elit: 0 
6/1/2022 4:51,196,-11173,-13915,P: 750 G: 50 - 500 Stgn: 25 Sel: Tourney Trny: 3 Mut: 0 MI: 0.1 Elit: 0 
6/1/2022 4:53,197,-11828,-13914,P: 750 G: 50 - 500 Stgn: 25 Sel: Tourney Trny: 3 Mut: 0 MI: 0.1 Elit: 0 
6/1/2022 4:54,198,-11582,-13964,P: 750 G: 50 - 500 Stgn: 25 Sel: Tourney Trny: 3 Mut: 0 MI: 0.1 Elit: 0 
6/1/2022 4:56,199,-12067,-13931,P: 750 G: 50 - 500 Stgn: 25 Sel: Tourney Trny: 3 Mut: 0 MI: 0.1 Elit: 0 
6/1/2022 4:58,200,-11700,-13932,P: 750 G: 50 - 500 Stgn: 25 Sel: Tourney Trny: 3 Mut: 0 MI: 0.1 Elit: 0 
6/1/2022 5:00,201,-11479,-13918,P: 750 G: 50 - 500 Stgn: 25 Sel: Tourney Trny: 3 Mut: 0 MI: 0.1 Elit: 0 
6/1/2022 5:01,202,-11763,-13966,P: 750 G: 50 - 500 Stgn: 25 Sel: Tourney Trny: 3 Mut: 0 MI: 0.1 Elit: 0 
6/1/2022 5:03,203,-11920,-13889,P: 750 G: 50 - 500 Stgn: 25 Sel: Tourney Trny: 3 Mut: 0 MI: 0.1 Elit: 0 
6/1/2022 5:05,204,-11837,-13961,P: 750 G: 50 - 500 Stgn: 25 Sel: Tourney Trny: 3 Mut: 0 MI: 0.1 Elit: 0 
6/1/2022 5:06,205,-12120,-13902,P: 750 G: 50 - 500 Stgn: 25 Sel: Tourney Trny: 3 Mut: 0 MI: 0.1 Elit: 0 
6/1/2022 5:08,206,-11753,-13928,P: 750 G: 50 - 500 Stgn: 25 Sel: Tourney Trny: 3 Mut: 0 MI: 0.1 Elit: 0 
6/1/2022 5:10,207,-11668,-13890,P: 750 G: 50 - 500 Stgn: 25 Sel: Tourney Trny: 3 Mut: 0 MI: 0.1 Elit: 0 
6/1/2022 5:11,208,-11602,-13874,P: 750 G: 50 - 500 Stgn: 25 Sel: Tourney Trny: 3 Mut: 0 MI: 0.1 Elit: 0 
6/1/2022 5:13,209,-11807,-13920,P: 750 G: 50 - 500 Stgn: 25 Sel: Tourney Trny: 3 Mut: 0 MI: 0.1 Elit: 0 
6/1/2022 5:15,210,-11668,-13901,P: 750 G: 50 - 500 Stgn: 25 Sel: Tourney Trny: 3 Mut: 0 MI: 0.1 Elit: 0 
6/1/2022 5:16,211,-11593,-13905,P: 750 G: 50 - 500 Stgn: 25 Sel: Tourney Trny: 3 Mut: 0 MI: 0.1 Elit: 0 
6/1/2022 5:18,212,-11756,-13918,P: 750 G: 50 - 500 Stgn: 25 Sel: Tourney Trny: 3 Mut: 0 MI: 0.1 Elit: 0 
6/1/2022 5:20,213,-10964,-13929,P: 750 G: 50 - 500 Stgn: 25 Sel: Tourney Trny: 3 Mut: 0 MI: 0.1 Elit: 0 
6/1/2022 5:22,214,-11397,-13836,P: 750 G: 50 - 500 Stgn: 25 Sel: Tourney Trny: 3 Mut: 0 MI: 0.1 Elit: 0 
6/1/2022 5:23,215,-11385,-13885,P: 750 G: 50 - 500 Stgn: 25 Sel: Tourney Trny: 3 Mut: 0 MI: 0.1 Elit: 0 
6/1/2022 5:25,216,-12123,-13917,P: 750 G: 50 - 500 Stgn: 25 Sel: Tourney Trny: 3 Mut: 0 MI: 0.1 Elit: 0 
6/1/2022 5:27,217,-11988,-13917,P: 750 G: 50 - 500 Stgn: 25 Sel: Tourney Trny: 3 Mut: 0 MI: 0.1 Elit: 0 
6/1/2022 5:28,218,-11866,-13834,P: 750 G: 50 - 500 Stgn: 25 Sel: Tourney Trny: 3 Mut: 0 MI: 0.1 Elit: 0 
6/1/2022 5:30,219,-10902,-13881,P: 750 G: 50 - 500 Stgn: 25 Sel: Tourney Trny: 3 Mut: 0 MI: 0.1 Elit: 0 
6/1/2022 5:32,220,-11427,-13916,P: 750 G: 50 - 500 Stgn: 25 Sel: Tourney Trny: 3 Mut: 0 MI: 0.1 Elit: 0 
6/1/2022 5:33,221,-11697,-13841,P: 750 G: 50 - 500 Stgn: 25 Sel: Tourney Trny: 3 Mut: 0 MI: 0.1 Elit: 0 
6/1/2022 5:35,222,-11567,-13834,P: 750 G: 50 - 500 Stgn: 25 Sel: Tourney Trny: 3 Mut: 0 MI: 0.1 Elit: 0 
6/1/2022 5:37,223,-11563,-13859,P: 750 G: 50 - 500 Stgn: 25 Sel: Tourney Trny: 3 Mut: 0 MI: 0.1 Elit: 0 
6/1/2022 5:39,224,-11821,-13880,P: 750 G: 50 - 500 Stgn: 25 Sel: Tourney Trny: 3 Mut: 0 MI: 0.1 Elit: 0 
6/1/2022 5:40,225,-11936,-13843,P: 750 G: 50 - 500 Stgn: 25 Sel: Tourney Trny: 3 Mut: 0 MI: 0.1 Elit: 0 
6/1/2022 5:42,226,-12085,-13887,P: 750 G: 50 - 500 Stgn: 25 Sel: Tourney Trny: 3 Mut: 0 MI: 0.1 Elit: 0 
6/1/2022 5:44,227,-11499,-13866,P: 750 G: 50 - 500 Stgn: 25 Sel: Tourney Trny: 3 Mut: 0 MI: 0.1 Elit: 0 
6/1/2022 5:45,228,-11525,-13880,P: 750 G: 50 - 500 Stgn: 25 Sel: Tourney Trny: 3 Mut: 0 MI: 0.1 Elit: 0 
6/1/2022 5:47,229,-11698,-13876,P: 750 G: 50 - 500 Stgn: 25 Sel: Tourney Trny: 3 Mut: 0 MI: 0.1 Elit: 0 
6/1/2022 5:49,230,-11962,-13881,P: 750 G: 50 - 500 Stgn: 25 Sel: Tourney Trny: 3 Mut: 0 MI: 0.1 Elit: 0 
6/1/2022 5:50,231,-11660,-13879,P: 750 G: 50 - 500 Stgn: 25 Sel: Tourney Trny: 3 Mut: 0 MI: 0.1 Elit: 0 
6/1/2022 5:52,232,-11619,-13830,P: 750 G: 50 - 500 Stgn: 25 Sel: Tourney Trny: 3 Mut: 0 MI: 0.1 Elit: 0 
6/1/2022 5:54,233,-11622,-13833,P: 750 G: 50 - 500 Stgn: 25 Sel: Tourney Trny: 3 Mut: 0 MI: 0.1 Elit: 0 
6/1/2022 5:56,234,-11273,-13880,P: 750 G: 50 - 500 Stgn: 25 Sel: Tourney Trny: 3 Mut: 0 MI: 0.1 Elit: 0 
6/1/2022 5:57,235,-11576,-13853,P: 750 G: 50 - 500 Stgn: 25 Sel: Tourney Trny: 3 Mut: 0 MI: 0.1 Elit: 0 
6/1/2022 5:59,236,-11579,-13874,P: 750 G: 50 - 500 Stgn: 25 Sel: Tourney Trny: 3 Mut: 0 MI: 0.1 Elit: 0 
6/1/2022 6:01,237,-11374,-13884,P: 750 G: 50 - 500 Stgn: 25 Sel: Tourney Trny: 3 Mut: 0 MI: 0.1 Elit: 0 
6/1/2022 6:02,238,-11851,-13854,P: 750 G: 50 - 500 Stgn: 25 Sel: Tourney Trny: 3 Mut: 0 MI: 0.1 Elit: 0 
6/1/2022 6:04,239,-11996,-13861,P: 750 G: 50 - 500 Stgn: 25 Sel: Tourney Trny: 3 Mut: 0 MI: 0.1 Elit: 0 
6/1/2022 6:06,240,-11174,-13865,P: 750 G: 50 - 500 Stgn: 25 Sel: Tourney Trny: 3 Mut: 0 MI: 0.1 Elit: 0 
6/1/2022 6:08,241,-11360,-13844,P: 750 G: 50 - 500 Stgn: 25 Sel: Tourney Trny: 3 Mut: 0 MI: 0.1 Elit: 0 
6/1/2022 6:09,242,-11787,-13867,P: 750 G: 50 - 500 Stgn: 25 Sel: Tourney Trny: 3 Mut: 0 MI: 0.1 Elit: 0 
6/1/2022 6:11,243,-11496,-13858,P: 750 G: 50 - 500 Stgn: 25 Sel: Tourney Trny: 3 Mut: 0 MI: 0.1 Elit: 0 
6/1/2022 6:13,244,-11634,-13858,P: 750 G: 50 - 500 Stgn: 25 Sel: Tourney Trny: 3 Mut: 0 MI: 0.1 Elit: 0 
6/1/2022 6:14,245,-11592,-13812,P: 750 G: 50 - 500 Stgn: 25 Sel: Tourney Trny: 3 Mut: 0 MI: 0.1 Elit: 0 
6/1/2022 6:16,246,-11302,-13844,P: 750 G: 50 - 500 Stgn: 25 Sel: Tourney Trny: 3 Mut: 0 MI: 0.1 Elit: 0 
6/1/2022 6:18,247,-11506,-13877,P: 750 G: 50 - 500 Stgn: 25 Sel: Tourney Trny: 3 Mut: 0 MI: 0.1 Elit: 0 
6/1/2022 6:20,248,-11864,-13858,P: 750 G: 50 - 500 Stgn: 25 Sel: Tourney Trny: 3 Mut: 0 MI: 0.1 Elit: 0 
6/1/2022 6:21,249,-11493,-13855,P: 750 G: 50 - 500 Stgn: 25 Sel: Tourney Trny: 3 Mut: 0 MI: 0.1 Elit: 0 
6/1/2022 6:23,250,-11916,-13822,P: 750 G: 50 - 500 Stgn: 25 Sel: Tourney Trny: 3 Mut: 0 MI: 0.1 Elit: 0 
6/1/2022 6:25,251,-11905,-13855,P: 750 G: 50 - 500 Stgn: 25 Sel: Tourney Trny: 3 Mut: 0 MI: 0.1 Elit: 0 
6/1/2022 6:26,252,-11657,-13857,P: 750 G: 50 - 500 Stgn: 25 Sel: Tourney Trny: 3 Mut: 0 MI: 0.1 Elit: 0 
6/1/2022 6:28,253,-11095,-13840,P: 750 G: 50 - 500 Stgn: 25 Sel: Tourney Trny: 3 Mut: 0 MI: 0.1 Elit: 0 
6/1/2022 6:30,254,-11446,-13821,P: 750 G: 50 - 500 Stgn: 25 Sel: Tourney Trny: 3 Mut: 0 MI: 0.1 Elit: 0 
6/1/2022 6:32,255,-11586,-13875,P: 750 G: 50 - 500 Stgn: 25 Sel: Tourney Trny: 3 Mut: 0 MI: 0.1 Elit: 0 
6/1/2022 6:33,256,-11675,-13823,P: 750 G: 50 - 500 Stgn: 25 Sel: Tourney Trny: 3 Mut: 0 MI: 0.1 Elit: 0 
6/1/2022 6:35,257,-11622,-13851,P: 750 G: 50 - 500 Stgn: 25 Sel: Tourney Trny: 3 Mut: 0 MI: 0.1 Elit: 0 
6/1/2022 6:37,258,-11860,-13811,P: 750 G: 50 - 500 Stgn: 25 Sel: Tourney Trny: 3 Mut: 0 MI: 0.1 Elit: 0 
6/1/2022 6:38,259,-11788,-13844,P: 750 G: 50 - 500 Stgn: 25 Sel: Tourney Trny: 3 Mut: 0 MI: 0.1 Elit: 0 
6/1/2022 6:40,260,-11912,-13833,P: 750 G: 50 - 500 Stgn: 25 Sel: Tourney Trny: 3 Mut: 0 MI: 0.1 Elit: 0 
6/1/2022 6:42,261,-11907,-13840,P: 750 G: 50 - 500 Stgn: 25 Sel: Tourney Trny: 3 Mut: 0 MI: 0.1 Elit: 0 
6/1/2022 6:43,262,-11773,-13848,P: 750 G: 50 - 500 Stgn: 25 Sel: Tourney Trny: 3 Mut: 0 MI: 0.1 Elit: 0 
6/1/2022 6:45,263,-11634,-13863,P: 750 G: 50 - 500 Stgn: 25 Sel: Tourney Trny: 3 Mut: 0 MI: 0.1 Elit: 0 
6/1/2022 6:47,264,-11822,-13860,P: 750 G: 50 - 500 Stgn: 25 Sel: Tourney Trny: 3 Mut: 0 MI: 0.1 Elit: 0 
6/1/2022 6:48,265,-11527,-13863,P: 750 G: 50 - 500 Stgn: 25 Sel: Tourney Trny: 3 Mut: 0 MI: 0.1 Elit: 0 
6/1/2022 6:50,266,-11509,-13841,P: 750 G: 50 - 500 Stgn: 25 Sel: Tourney Trny: 3 Mut: 0 MI: 0.1 Elit: 0 
6/1/2022 6:52,267,-11497,-13819,P: 750 G: 50 - 500 Stgn: 25 Sel: Tourney Trny: 3 Mut: 0 MI: 0.1 Elit: 0 
6/1/2022 6:53,268,-11422,-13809,P: 750 G: 50 - 500 Stgn: 25 Sel: Tourney Trny: 3 Mut: 0 MI: 0.1 Elit: 0 
6/1/2022 6:55,269,-11320,-13841,P: 750 G: 50 - 500 Stgn: 25 Sel: Tourney Trny: 3 Mut: 0 MI: 0.1 Elit: 0 
6/1/2022 6:57,270,-11503,-13843,P: 750 G: 50 - 500 Stgn: 25 Sel: Tourney Trny: 3 Mut: 0 MI: 0.1 Elit: 0 
6/1/2022 6:59,271,-11295,-13859,P: 750 G: 50 - 500 Stgn: 25 Sel: Tourney Trny: 3 Mut: 0 MI: 0.1 Elit: 0 
6/1/2022 7:00,272,-11245,-13789,P: 750 G: 50 - 500 Stgn: 25 Sel: Tourney Trny: 3 Mut: 0 MI: 0.1 Elit: 0 
6/1/2022 7:02,273,-11918,-13852,P: 750 G: 50 - 500 Stgn: 25 Sel: Tourney Trny: 3 Mut: 0 MI: 0.1 Elit: 0 
6/1/2022 7:04,274,-11541,-13869,P: 750 G: 50 - 500 Stgn: 25 Sel: Tourney Trny: 3 Mut: 0 MI: 0.1 Elit: 0 
6/1/2022 7:05,275,-11238,-13815,P: 750 G: 50 - 500 Stgn: 25 Sel: Tourney Trny: 3 Mut: 0 MI: 0.1 Elit: 0 
6/1/2022 7:07,276,-11484,-13849,P: 750 G: 50 - 500 Stgn: 25 Sel: Tourney Trny: 3 Mut: 0 MI: 0.1 Elit: 0 
6/1/2022 7:09,277,-11687,-13838,P: 750 G: 50 - 500 Stgn: 25 Sel: Tourney Trny: 3 Mut: 0 MI: 0.1 Elit: 0 
6/1/2022 7:10,278,-11682,-13806,P: 750 G: 50 - 500 Stgn: 25 Sel: Tourney Trny: 3 Mut: 0 MI: 0.1 Elit: 0 
6/1/2022 7:12,279,-11522,-13888,P: 750 G: 50 - 500 Stgn: 25 Sel: Tourney Trny: 3 Mut: 0 MI: 0.1 Elit: 0 
6/1/2022 7:14,280,-12063,-13801,P: 750 G: 50 - 500 Stgn: 25 Sel: Tourney Trny: 3 Mut: 0 MI: 0.1 Elit: 0 
6/1/2022 7:16,281,-11695,-13878,P: 750 G: 50 - 500 Stgn: 25 Sel: Tourney Trny: 3 Mut: 0 MI: 0.1 Elit: 0 
6/1/2022 7:17,282,-11886,-13874,P: 750 G: 50 - 500 Stgn: 25 Sel: Tourney Trny: 3 Mut: 0 MI: 0.1 Elit: 0 
6/1/2022 7:19,283,-11323,-13880,P: 750 G: 50 - 500 Stgn: 25 Sel: Tourney Trny: 3 Mut: 0 MI: 0.1 Elit: 0 
6/1/2022 7:21,284,-11682,-13860,P: 750 G: 50 - 500 Stgn: 25 Sel: Tourney Trny: 3 Mut: 0 MI: 0.1 Elit: 0 
6/1/2022 7:22,285,-11242,-13867,P: 750 G: 50 - 500 Stgn: 25 Sel: Tourney Trny: 3 Mut: 0 MI: 0.1 Elit: 0 
6/1/2022 7:24,286,-11482,-13816,P: 750 G: 50 - 500 Stgn: 25 Sel: Tourney Trny: 3 Mut: 0 MI: 0.1 Elit: 0 
6/1/2022 7:26,287,-11400,-13814,P: 750 G: 50 - 500 Stgn: 25 Sel: Tourney Trny: 3 Mut: 0 MI: 0.1 Elit: 0 
6/1/2022 7:27,288,-12024,-13819,P: 750 G: 50 - 500 Stgn: 25 Sel: Tourney Trny: 3 Mut: 0 MI: 0.1 Elit: 0 
6/1/2022 7:29,289,-11720,-13897,P: 750 G: 50 - 500 Stgn: 25 Sel: Tourney Trny: 3 Mut: 0 MI: 0.1 Elit: 0 
6/1/2022 7:31,290,-11433,-13810,P: 750 G: 50 - 500 Stgn: 25 Sel: Tourney Trny: 3 Mut: 0 MI: 0.1 Elit: 0 
6/1/2022 7:32,291,-11811,-13891,P: 750 G: 50 - 500 Stgn: 25 Sel: Tourney Trny: 3 Mut: 0 MI: 0.1 Elit: 0 
6/1/2022 7:34,292,-11608,-13789,P: 750 G: 50 - 500 Stgn: 25 Sel: Tourney Trny: 3 Mut: 0 MI: 0.1 Elit: 0 
6/1/2022 7:36,293,-11158,-13862,P: 750 G: 50 - 500 Stgn: 25 Sel: Tourney Trny: 3 Mut: 0 MI: 0.1 Elit: 0 
6/1/2022 7:38,294,-11824,-13835,P: 750 G: 50 - 500 Stgn: 25 Sel: Tourney Trny: 3 Mut: 0 MI: 0.1 Elit: 0 
6/1/2022 7:39,295,-11629,-13859,P: 750 G: 50 - 500 Stgn: 25 Sel: Tourney Trny: 3 Mut: 0 MI: 0.1 Elit: 0 
6/1/2022 7:41,296,-11712,-13853,P: 750 G: 50 - 500 Stgn: 25 Sel: Tourney Trny: 3 Mut: 0 MI: 0.1 Elit: 0 
6/1/2022 7:43,297,-11879,-13843,P: 750 G: 50 - 500 Stgn: 25 Sel: Tourney Trny: 3 Mut: 0 MI: 0.1 Elit: 0 
6/1/2022 7:44,298,-11843,-13827,P: 750 G: 50 - 500 Stgn: 25 Sel: Tourney Trny: 3 Mut: 0 MI: 0.1 Elit: 0 
6/1/2022 7:46,299,-11835,-13829,P: 750 G: 50 - 500 Stgn: 25 Sel: Tourney Trny: 3 Mut: 0 MI: 0.1 Elit: 0 
6/1/2022 7:48,300,-11750,-13842,P: 750 G: 50 - 500 Stgn: 25 Sel: Tourney Trny: 3 Mut: 0 MI: 0.1 Elit: 0 
6/1/2022 7:49,301,-10908,-13871,P: 750 G: 50 - 500 Stgn: 25 Sel: Tourney Trny: 3 Mut: 0 MI: 0.1 Elit: 0 
6/1/2022 7:51,302,-11719,-13819,P: 750 G: 50 - 500 Stgn: 25 Sel: Tourney Trny: 3 Mut: 0 MI: 0.1 Elit: 0 
6/1/2022 7:53,303,-11447,-13810,P: 750 G: 50 - 500 Stgn: 25 Sel: Tourney Trny: 3 Mut: 0 MI: 0.1 Elit: 0 
6/1/2022 7:55,304,-11765,-13845,P: 750 G: 50 - 500 Stgn: 25 Sel: Tourney Trny: 3 Mut: 0 MI: 0.1 Elit: 0 
6/1/2022 7:56,305,-11665,-13798,P: 750 G: 50 - 500 Stgn: 25 Sel: Tourney Trny: 3 Mut: 0 MI: 0.1 Elit: 0 
6/1/2022 7:58,306,-11823,-13785,P: 750 G: 50 - 500 Stgn: 25 Sel: Tourney Trny: 3 Mut: 0 MI: 0.1 Elit: 0 
6/1/2022 8:00,307,-11745,-13848,P: 750 G: 50 - 500 Stgn: 25 Sel: Tourney Trny: 3 Mut: 0 MI: 0.1 Elit: 0 
6/1/2022 8:01,308,-11305,-13799,P: 750 G: 50 - 500 Stgn: 25 Sel: Tourney Trny: 3 Mut: 0 MI: 0.1 Elit: 0 
6/1/2022 8:03,309,-11425,-13816,P: 750 G: 50 - 500 Stgn: 25 Sel: Tourney Trny: 3 Mut: 0 MI: 0.1 Elit: 0 
6/1/2022 8:05,310,-11398,-13850,P: 750 G: 50 - 500 Stgn: 25 Sel: Tourney Trny: 3 Mut: 0 MI: 0.1 Elit: 0 
6/1/2022 8:06,311,-11794,-13836,P: 750 G: 50 - 500 Stgn: 25 Sel: Tourney Trny: 3 Mut: 0 MI: 0.1 Elit: 0 
6/1/2022 8:08,312,-11686,-13812,P: 750 G: 50 - 500 Stgn: 25 Sel: Tourney Trny: 3 Mut: 0 MI: 0.1 Elit: 0 
6/1/2022 8:10,313,-12046,-13883,P: 750 G: 50 - 500 Stgn: 25 Sel: Tourney Trny: 3 Mut: 0 MI: 0.1 Elit: 0 
6/1/2022 8:12,314,-11840,-13810,P: 750 G: 50 - 500 Stgn: 25 Sel: Tourney Trny: 3 Mut: 0 MI: 0.1 Elit: 0 
6/1/2022 8:13,315,-11868,-13820,P: 750 G: 50 - 500 Stgn: 25 Sel: Tourney Trny: 3 Mut: 0 MI: 0.1 Elit: 0 
6/1/2022 8:15,316,-11636,-13818,P: 750 G: 50 - 500 Stgn: 25 Sel: Tourney Trny: 3 Mut: 0 MI: 0.1 Elit: 0 
6/1/2022 8:17,317,-11355,-13822,P: 750 G: 50 - 500 Stgn: 25 Sel: Tourney Trny: 3 Mut: 0 MI: 0.1 Elit: 0 
6/1/2022 8:18,318,-10808,-13826,P: 750 G: 50 - 500 Stgn: 25 Sel: Tourney Trny: 3 Mut: 0 MI: 0.1 Elit: 0 
6/1/2022 8:20,319,-11709,-13836,P: 750 G: 50 - 500 Stgn: 25 Sel: Tourney Trny: 3 Mut: 0 MI: 0.1 Elit: 0 
6/1/2022 8:22,320,-11782,-13800,P: 750 G: 50 - 500 Stgn: 25 Sel: Tourney Trny: 3 Mut: 0 MI: 0.1 Elit: 0 
6/1/2022 8:24,321,-11309,-13802,P: 750 G: 50 - 500 Stgn: 25 Sel: Tourney Trny: 3 Mut: 0 MI: 0.1 Elit: 0 
6/1/2022 8:25,322,-11625,-13829,P: 750 G: 50 - 500 Stgn: 25 Sel: Tourney Trny: 3 Mut: 0 MI: 0.1 Elit: 0 
6/1/2022 8:27,323,-11199,-13863,P: 750 G: 50 - 500 Stgn: 25 Sel: Tourney Trny: 3 Mut: 0 MI: 0.1 Elit: 0 
6/1/2022 8:29,324,-11737,-13819,P: 750 G: 50 - 500 Stgn: 25 Sel: Tourney Trny: 3 Mut: 0 MI: 0.1 Elit: 0 
6/1/2022 8:30,325,-11657,-13806,P: 750 G: 50 - 500 Stgn: 25 Sel: Tourney Trny: 3 Mut: 0 MI: 0.1 Elit: 0 
6/1/2022 8:32,326,-11258,-13805,P: 750 G: 50 - 500 Stgn: 25 Sel: Tourney Trny: 3 Mut: 0 MI: 0.1 Elit: 0 
6/1/2022 8:34,327,-11454,-13838,P: 750 G: 50 - 500 Stgn: 25 Sel: Tourney Trny: 3 Mut: 0 MI: 0.1 Elit: 0 
6/1/2022 8:36,328,-11101,-13784,P: 750 G: 50 - 500 Stgn: 25 Sel: Tourney Trny: 3 Mut: 0 MI: 0.1 Elit: 0 
6/1/2022 8:37,329,-11037,-13830,P: 750 G: 50 - 500 Stgn: 25 Sel: Tourney Trny: 3 Mut: 0 MI: 0.1 Elit: 0 
6/1/2022 8:39,330,-11467,-13802,P: 750 G: 50 - 500 Stgn: 25 Sel: Tourney Trny: 3 Mut: 0 MI: 0.1 Elit: 0 
6/1/2022 8:41,331,-11689,-13821,P: 750 G: 50 - 500 Stgn: 25 Sel: Tourney Trny: 3 Mut: 0 MI: 0.1 Elit: 0 
6/1/2022 8:42,332,-11458,-13802,P: 750 G: 50 - 500 Stgn: 25 Sel: Tourney Trny: 3 Mut: 0 MI: 0.1 Elit: 0 
6/1/2022 8:44,333,-11728,-13811,P: 750 G: 50 - 500 Stgn: 25 Sel: Tourney Trny: 3 Mut: 0 MI: 0.1 Elit: 0 
6/1/2022 8:46,334,-11793,-13803,P: 750 G: 50 - 500 Stgn: 25 Sel: Tourney Trny: 3 Mut: 0 MI: 0.1 Elit: 0 
6/1/2022 8:47,335,-11689,-13805,P: 750 G: 50 - 500 Stgn: 25 Sel: Tourney Trny: 3 Mut: 0 MI: 0.1 Elit: 0 
6/1/2022 8:49,336,-11522,-13814,P: 750 G: 50 - 500 Stgn: 25 Sel: Tourney Trny: 3 Mut: 0 MI: 0.1 Elit: 0 
6/1/2022 8:51,337,-11655,-13820,P: 750 G: 50 - 500 Stgn: 25 Sel: Tourney Trny: 3 Mut: 0 MI: 0.1 Elit: 0 
6/1/2022 8:53,338,-11627,-13748,P: 750 G: 50 - 500 Stgn: 25 Sel: Tourney Trny: 3 Mut: 0 MI: 0.1 Elit: 0 
6/1/2022 8:54,339,-11584,-13794,P: 750 G: 50 - 500 Stgn: 25 Sel: Tourney Trny: 3 Mut: 0 MI: 0.1 Elit: 0 
6/1/2022 8:56,340,-11288,-13821,P: 750 G: 50 - 500 Stgn: 25 Sel: Tourney Trny: 3 Mut: 0 MI: 0.1 Elit: 0 
6/1/2022 8:58,341,-11627,-13785,P: 750 G: 50 - 500 Stgn: 25 Sel: Tourney Trny: 3 Mut: 0 MI: 0.1 Elit: 0 
6/1/2022 8:59,342,-11958,-13800,P: 750 G: 50 - 500 Stgn: 25 Sel: Tourney Trny: 3 Mut: 0 MI: 0.1 Elit: 0 
6/1/2022 9:01,343,-11838,-13802,P: 750 G: 50 - 500 Stgn: 25 Sel: Tourney Trny: 3 Mut: 0 MI: 0.1 Elit: 0 
6/1/2022 9:03,344,-11313,-13792,P: 750 G: 50 - 500 Stgn: 25 Sel: Tourney Trny: 3 Mut: 0 MI: 0.1 Elit: 0 
6/1/2022 9:04,345,-11896,-13804,P: 750 G: 50 - 500 Stgn: 25 Sel: Tourney Trny: 3 Mut: 0 MI: 0.1 Elit: 0 
6/1/2022 9:06,346,-11751,-13747,P: 750 G: 50 - 500 Stgn: 25 Sel: Tourney Trny: 3 Mut: 0 MI: 0.1 Elit: 0 
6/1/2022 9:08,347,-11509,-13869,P: 750 G: 50 - 500 Stgn: 25 Sel: Tourney Trny: 3 Mut: 0 MI: 0.1 Elit: 0 
6/1/2022 9:10,348,-11555,-13831,P: 750 G: 50 - 500 Stgn: 25 Sel: Tourney Trny: 3 Mut: 0 MI: 0.1 Elit: 0 
6/1/2022 9:11,349,-11630,-13788,P: 750 G: 50 - 500 Stgn: 25 Sel: Tourney Trny: 3 Mut: 0 MI: 0.1 Elit: 0 
6/1/2022 9:13,350,-11219,-13825,P: 750 G: 50 - 500 Stgn: 25 Sel: Tourney Trny: 3 Mut: 0 MI: 0.1 Elit: 0 
6/1/2022 9:15,351,-11511,-13799,P: 750 G: 50 - 500 Stgn: 25 Sel: Tourney Trny: 3 Mut: 0 MI: 0.1 Elit: 0 
6/1/2022 9:16,352,-11254,-13786,P: 750 G: 50 - 500 Stgn: 25 Sel: Tourney Trny: 3 Mut: 0 MI: 0.1 Elit: 0 
6/1/2022 9:18,353,-11611,-13769,P: 750 G: 50 - 500 Stgn: 25 Sel: Tourney Trny: 3 Mut: 0 MI: 0.1 Elit: 0 
6/1/2022 9:20,354,-11604,-13777,P: 750 G: 50 - 500 Stgn: 25 Sel: Tourney Trny: 3 Mut: 0 MI: 0.1 Elit: 0 
6/1/2022 9:22,355,-11696,-13815,P: 750 G: 50 - 500 Stgn: 25 Sel: Tourney Trny: 3 Mut: 0 MI: 0.1 Elit: 0 
6/1/2022 9:23,356,-12017,-13786,P: 750 G: 50 - 500 Stgn: 25 Sel: Tourney Trny: 3 Mut: 0 MI: 0.1 Elit: 0 
6/1/2022 9:25,357,-11875,-13801,P: 750 G: 50 - 500 Stgn: 25 Sel: Tourney Trny: 3 Mut: 0 MI: 0.1 Elit: 0 
6/1/2022 9:27,358,-11322,-13758,P: 750 G: 50 - 500 Stgn: 25 Sel: Tourney Trny: 3 Mut: 0 MI: 0.1 Elit: 0 
6/1/2022 9:29,359,-11548,-13801,P: 750 G: 50 - 500 Stgn: 25 Sel: Tourney Trny: 3 Mut: 0 MI: 0.1 Elit: 0 
6/1/2022 9:30,360,-11711,-13794,P: 750 G: 50 - 500 Stgn: 25 Sel: Tourney Trny: 3 Mut: 0 MI: 0.1 Elit: 0 
6/1/2022 9:32,361,-11981,-13814,P: 750 G: 50 - 500 Stgn: 25 Sel: Tourney Trny: 3 Mut: 0 MI: 0.1 Elit: 0 
6/1/2022 9:34,362,-11117,-13764,P: 750 G: 50 - 500 Stgn: 25 Sel: Tourney Trny: 3 Mut: 0 MI: 0.1 Elit: 0 
6/1/2022 9:35,363,-11724,-13782,P: 750 G: 50 - 500 Stgn: 25 Sel: Tourney Trny: 3 Mut: 0 MI: 0.1 Elit: 0 
6/1/2022 9:37,364,-11668,-13797,P: 750 G: 50 - 500 Stgn: 25 Sel: Tourney Trny: 3 Mut: 0 MI: 0.1 Elit: 0 
6/1/2022 9:39,365,-11621,-13789,P: 750 G: 50 - 500 Stgn: 25 Sel: Tourney Trny: 3 Mut: 0 MI: 0.1 Elit: 0 
6/1/2022 9:40,366,-11631,-13825,P: 750 G: 50 - 500 Stgn: 25 Sel: Tourney Trny: 3 Mut: 0 MI: 0.1 Elit: 0 
6/1/2022 9:42,367,-11881,-13777,P: 750 G: 50 - 500 Stgn: 25 Sel: Tourney Trny: 3 Mut: 0 MI: 0.1 Elit: 0 
6/1/2022 9:44,368,-11413,-13803,P: 750 G: 50 - 500 Stgn: 25 Sel: Tourney Trny: 3 Mut: 0 MI: 0.1 Elit: 0 
6/1/2022 9:46,369,-11693,-13803,P: 750 G: 50 - 500 Stgn: 25 Sel: Tourney Trny: 3 Mut: 0 MI: 0.1 Elit: 0 
6/1/2022 9:47,370,-11836,-13823,P: 750 G: 50 - 500 Stgn: 25 Sel: Tourney Trny: 3 Mut: 0 MI: 0.1 Elit: 0 
6/1/2022 9:49,371,-11446,-13815,P: 750 G: 50 - 500 Stgn: 25 Sel: Tourney Trny: 3 Mut: 0 MI: 0.1 Elit: 0 
