01/06/2022 00:23,0,-75116,-99277,P: 750 G: 50 - 500 Stgn: 25 Sel: Roulette Trny: 3 Mut: 0 MI: 0,1 Elit: 0 
01/06/2022 00:25,1,-69891,-95620,P: 750 G: 50 - 500 Stgn: 25 Sel: Roulette Trny: 3 Mut: 0 MI: 0,1 Elit: 0 
01/06/2022 00:27,2,-67650,-91578,P: 750 G: 50 - 500 Stgn: 25 Sel: Roulette Trny: 3 Mut: 0 MI: 0,1 Elit: 0 
01/06/2022 00:29,3,-61657,-88354,P: 750 G: 50 - 500 Stgn: 25 Sel: Roulette Trny: 3 Mut: 0 MI: 0,1 Elit: 0 
01/06/2022 00:31,4,-62414,-85128,P: 750 G: 50 - 500 Stgn: 25 Sel: Roulette Trny: 3 Mut: 0 MI: 0,1 Elit: 0 
01/06/2022 00:33,5,-59539,-81802,P: 750 G: 50 - 500 Stgn: 25 Sel: Roulette Trny: 3 Mut: 0 MI: 0,1 Elit: 0 
01/06/2022 00:35,6,-57882,-78792,P: 750 G: 50 - 500 Stgn: 25 Sel: Roulette Trny: 3 Mut: 0 MI: 0,1 Elit: 0 
01/06/2022 00:37,7,-58931,-75901,P: 750 G: 50 - 500 Stgn: 25 Sel: Roulette Trny: 3 Mut: 0 MI: 0,1 Elit: 0 
01/06/2022 00:38,8,-54255,-73403,P: 750 G: 50 - 500 Stgn: 25 Sel: Roulette Trny: 3 Mut: 0 MI: 0,1 Elit: 0 
01/06/2022 00:40,9,-53356,-70409,P: 750 G: 50 - 500 Stgn: 25 Sel: Roulette Trny: 3 Mut: 0 MI: 0,1 Elit: 0 
01/06/2022 00:42,10,-48421,-67947,P: 750 G: 50 - 500 Stgn: 25 Sel: Roulette Trny: 3 Mut: 0 MI: 0,1 Elit: 0 
01/06/2022 00:44,11,-46408,-65306,P: 750 G: 50 - 500 Stgn: 25 Sel: Roulette Trny: 3 Mut: 0 MI: 0,1 Elit: 0 
01/06/2022 00:45,12,-47271,-62857,P: 750 G: 50 - 500 Stgn: 25 Sel: Roulette Trny: 3 Mut: 0 MI: 0,1 Elit: 0 
01/06/2022 00:47,13,-47273,-60270,P: 750 G: 50 - 500 Stgn: 25 Sel: Roulette Trny: 3 Mut: 0 MI: 0,1 Elit: 0 
01/06/2022 00:48,14,-45174,-58578,P: 750 G: 50 - 500 Stgn: 25 Sel: Roulette Trny: 3 Mut: 0 MI: 0,1 Elit: 0 
01/06/2022 00:49,15,-43215,-56394,P: 750 G: 50 - 500 Stgn: 25 Sel: Roulette Trny: 3 Mut: 0 MI: 0,1 Elit: 0 
01/06/2022 00:50,16,-41121,-54607,P: 750 G: 50 - 500 Stgn: 25 Sel: Roulette Trny: 3 Mut: 0 MI: 0,1 Elit: 0 
01/06/2022 00:51,17,-40680,-52488,P: 750 G: 50 - 500 Stgn: 25 Sel: Roulette Trny: 3 Mut: 0 MI: 0,1 Elit: 0 
01/06/2022 00:52,18,-39807,-50337,P: 750 G: 50 - 500 Stgn: 25 Sel: Roulette Trny: 3 Mut: 0 MI: 0,1 Elit: 0 
01/06/2022 00:54,19,-37596,-48876,P: 750 G: 50 - 500 Stgn: 25 Sel: Roulette Trny: 3 Mut: 0 MI: 0,1 Elit: 0 
01/06/2022 00:55,20,-37609,-47261,P: 750 G: 50 - 500 Stgn: 25 Sel: Roulette Trny: 3 Mut: 0 MI: 0,1 Elit: 0 
01/06/2022 00:56,21,-36129,-45930,P: 750 G: 50 - 500 Stgn: 25 Sel: Roulette Trny: 3 Mut: 0 MI: 0,1 Elit: 0 
01/06/2022 00:57,22,-35747,-44316,P: 750 G: 50 - 500 Stgn: 25 Sel: Roulette Trny: 3 Mut: 0 MI: 0,1 Elit: 0 
01/06/2022 00:58,23,-35306,-42947,P: 750 G: 50 - 500 Stgn: 25 Sel: Roulette Trny: 3 Mut: 0 MI: 0,1 Elit: 0 
01/06/2022 01:00,24,-33181,-41830,P: 750 G: 50 - 500 Stgn: 25 Sel: Roulette Trny: 3 Mut: 0 MI: 0,1 Elit: 0 
01/06/2022 01:01,25,-32314,-40638,P: 750 G: 50 - 500 Stgn: 25 Sel: Roulette Trny: 3 Mut: 0 MI: 0,1 Elit: 0 
01/06/2022 01:03,26,-31753,-39778,P: 750 G: 50 - 500 Stgn: 25 Sel: Roulette Trny: 3 Mut: 0 MI: 0,1 Elit: 0 
01/06/2022 01:04,27,-32140,-38874,P: 750 G: 50 - 500 Stgn: 25 Sel: Roulette Trny: 3 Mut: 0 MI: 0,1 Elit: 0 
01/06/2022 01:05,28,-31067,-38059,P: 750 G: 50 - 500 Stgn: 25 Sel: Roulette Trny: 3 Mut: 0 MI: 0,1 Elit: 0 
01/06/2022 01:07,29,-30421,-37037,P: 750 G: 50 - 500 Stgn: 25 Sel: Roulette Trny: 3 Mut: 0 MI: 0,1 Elit: 0 
01/06/2022 01:08,30,-29246,-36244,P: 750 G: 50 - 500 Stgn: 25 Sel: Roulette Trny: 3 Mut: 0 MI: 0,1 Elit: 0 
01/06/2022 01:10,31,-29788,-35052,P: 750 G: 50 - 500 Stgn: 25 Sel: Roulette Trny: 3 Mut: 0 MI: 0,1 Elit: 0 
01/06/2022 01:11,32,-28321,-34155,P: 750 G: 50 - 500 Stgn: 25 Sel: Roulette Trny: 3 Mut: 0 MI: 0,1 Elit: 0 
01/06/2022 01:12,33,-26562,-33367,P: 750 G: 50 - 500 Stgn: 25 Sel: Roulette Trny: 3 Mut: 0 MI: 0,1 Elit: 0 
01/06/2022 01:13,34,-26530,-32409,P: 750 G: 50 - 500 Stgn: 25 Sel: Roulette Trny: 3 Mut: 0 MI: 0,1 Elit: 0 
01/06/2022 01:15,35,-26354,-31800,P: 750 G: 50 - 500 Stgn: 25 Sel: Roulette Trny: 3 Mut: 0 MI: 0,1 Elit: 0 
01/06/2022 01:16,36,-25837,-30936,P: 750 G: 50 - 500 Stgn: 25 Sel: Roulette Trny: 3 Mut: 0 MI: 0,1 Elit: 0 
01/06/2022 01:17,37,-25967,-30464,P: 750 G: 50 - 500 Stgn: 25 Sel: Roulette Trny: 3 Mut: 0 MI: 0,1 Elit: 0 
01/06/2022 01:18,38,-24449,-29739,P: 750 G: 50 - 500 Stgn: 25 Sel: Roulette Trny: 3 Mut: 0 MI: 0,1 Elit: 0 
01/06/2022 01:20,39,-24063,-29050,P: 750 G: 50 - 500 Stgn: 25 Sel: Roulette Trny: 3 Mut: 0 MI: 0,1 Elit: 0 
01/06/2022 01:21,40,-24159,-28472,P: 750 G: 50 - 500 Stgn: 25 Sel: Roulette Trny: 3 Mut: 0 MI: 0,1 Elit: 0 
01/06/2022 01:22,41,-23409,-27834,P: 750 G: 50 - 500 Stgn: 25 Sel: Roulette Trny: 3 Mut: 0 MI: 0,1 Elit: 0 
01/06/2022 01:24,42,-23389,-27283,P: 750 G: 50 - 500 Stgn: 25 Sel: Roulette Trny: 3 Mut: 0 MI: 0,1 Elit: 0 
01/06/2022 01:25,43,-22466,-26685,P: 750 G: 50 - 500 Stgn: 25 Sel: Roulette Trny: 3 Mut: 0 MI: 0,1 Elit: 0 
01/06/2022 01:26,44,-20894,-26197,P: 750 G: 50 - 500 Stgn: 25 Sel: Roulette Trny: 3 Mut: 0 MI: 0,1 Elit: 0 
01/06/2022 01:27,45,-21420,-25869,P: 750 G: 50 - 500 Stgn: 25 Sel: Roulette Trny: 3 Mut: 0 MI: 0,1 Elit: 0 
01/06/2022 01:29,46,-21925,-25290,P: 750 G: 50 - 500 Stgn: 25 Sel: Roulette Trny: 3 Mut: 0 MI: 0,1 Elit: 0 
01/06/2022 01:30,47,-21250,-24873,P: 750 G: 50 - 500 Stgn: 25 Sel: Roulette Trny: 3 Mut: 0 MI: 0,1 Elit: 0 
01/06/2022 01:31,48,-21455,-24613,P: 750 G: 50 - 500 Stgn: 25 Sel: Roulette Trny: 3 Mut: 0 MI: 0,1 Elit: 0 
01/06/2022 01:32,49,-20932,-24259,P: 750 G: 50 - 500 Stgn: 25 Sel: Roulette Trny: 3 Mut: 0 MI: 0,1 Elit: 0 
01/06/2022 01:33,50,-19864,-23901,P: 750 G: 50 - 500 Stgn: 25 Sel: Roulette Trny: 3 Mut: 0 MI: 0,1 Elit: 0 
01/06/2022 01:34,51,-20309,-23539,P: 750 G: 50 - 500 Stgn: 25 Sel: Roulette Trny: 3 Mut: 0 MI: 0,1 Elit: 0 
01/06/2022 01:36,52,-19627,-23210,P: 750 G: 50 - 500 Stgn: 25 Sel: Roulette Trny: 3 Mut: 0 MI: 0,1 Elit: 0 
01/06/2022 01:37,53,-19249,-22854,P: 750 G: 50 - 500 Stgn: 25 Sel: Roulette Trny: 3 Mut: 0 MI: 0,1 Elit: 0 
01/06/2022 01:38,54,-19772,-22487,P: 750 G: 50 - 500 Stgn: 25 Sel: Roulette Trny: 3 Mut: 0 MI: 0,1 Elit: 0 
01/06/2022 01:39,55,-19142,-22126,P: 750 G: 50 - 500 Stgn: 25 Sel: Roulette Trny: 3 Mut: 0 MI: 0,1 Elit: 0 
01/06/2022 01:40,56,-18503,-21868,P: 750 G: 50 - 500 Stgn: 25 Sel: Roulette Trny: 3 Mut: 0 MI: 0,1 Elit: 0 
01/06/2022 01:42,57,-18080,-21574,P: 750 G: 50 - 500 Stgn: 25 Sel: Roulette Trny: 3 Mut: 0 MI: 0,1 Elit: 0 
01/06/2022 01:43,58,-18505,-21399,P: 750 G: 50 - 500 Stgn: 25 Sel: Roulette Trny: 3 Mut: 0 MI: 0,1 Elit: 0 
01/06/2022 01:44,59,-17961,-21177,P: 750 G: 50 - 500 Stgn: 25 Sel: Roulette Trny: 3 Mut: 0 MI: 0,1 Elit: 0 
01/06/2022 01:45,60,-17783,-20971,P: 750 G: 50 - 500 Stgn: 25 Sel: Roulette Trny: 3 Mut: 0 MI: 0,1 Elit: 0 
01/06/2022 01:47,61,-17506,-20686,P: 750 G: 50 - 500 Stgn: 25 Sel: Roulette Trny: 3 Mut: 0 MI: 0,1 Elit: 0 
01/06/2022 01:48,62,-17465,-20460,P: 750 G: 50 - 500 Stgn: 25 Sel: Roulette Trny: 3 Mut: 0 MI: 0,1 Elit: 0 
01/06/2022 01:49,63,-17405,-20262,P: 750 G: 50 - 500 Stgn: 25 Sel: Roulette Trny: 3 Mut: 0 MI: 0,1 Elit: 0 
01/06/2022 01:50,64,-17109,-20112,P: 750 G: 50 - 500 Stgn: 25 Sel: Roulette Trny: 3 Mut: 0 MI: 0,1 Elit: 0 
01/06/2022 01:51,65,-17144,-19911,P: 750 G: 50 - 500 Stgn: 25 Sel: Roulette Trny: 3 Mut: 0 MI: 0,1 Elit: 0 
01/06/2022 01:53,66,-17049,-19767,P: 750 G: 50 - 500 Stgn: 25 Sel: Roulette Trny: 3 Mut: 0 MI: 0,1 Elit: 0 
01/06/2022 01:54,67,-17361,-19627,P: 750 G: 50 - 500 Stgn: 25 Sel: Roulette Trny: 3 Mut: 0 MI: 0,1 Elit: 0 
01/06/2022 01:55,68,-17208,-19457,P: 750 G: 50 - 500 Stgn: 25 Sel: Roulette Trny: 3 Mut: 0 MI: 0,1 Elit: 0 
01/06/2022 01:56,69,-15967,-19265,P: 750 G: 50 - 500 Stgn: 25 Sel: Roulette Trny: 3 Mut: 0 MI: 0,1 Elit: 0 
01/06/2022 01:58,70,-16452,-19163,P: 750 G: 50 - 500 Stgn: 25 Sel: Roulette Trny: 3 Mut: 0 MI: 0,1 Elit: 0 
01/06/2022 01:59,71,-16173,-19013,P: 750 G: 50 - 500 Stgn: 25 Sel: Roulette Trny: 3 Mut: 0 MI: 0,1 Elit: 0 
01/06/2022 02:00,72,-16254,-18878,P: 750 G: 50 - 500 Stgn: 25 Sel: Roulette Trny: 3 Mut: 0 MI: 0,1 Elit: 0 
01/06/2022 02:01,73,-15631,-18738,P: 750 G: 50 - 500 Stgn: 25 Sel: Roulette Trny: 3 Mut: 0 MI: 0,1 Elit: 0 
01/06/2022 02:03,74,-16119,-18626,P: 750 G: 50 - 500 Stgn: 25 Sel: Roulette Trny: 3 Mut: 0 MI: 0,1 Elit: 0 
01/06/2022 02:04,75,-16094,-18471,P: 750 G: 50 - 500 Stgn: 25 Sel: Roulette Trny: 3 Mut: 0 MI: 0,1 Elit: 0 
01/06/2022 02:05,76,-15725,-18386,P: 750 G: 50 - 500 Stgn: 25 Sel: Roulette Trny: 3 Mut: 0 MI: 0,1 Elit: 0 
01/06/2022 02:06,77,-16031,-18275,P: 750 G: 50 - 500 Stgn: 25 Sel: Roulette Trny: 3 Mut: 0 MI: 0,1 Elit: 0 
01/06/2022 02:07,78,-15732,-18165,P: 750 G: 50 - 500 Stgn: 25 Sel: Roulette Trny: 3 Mut: 0 MI: 0,1 Elit: 0 
01/06/2022 02:09,79,-15007,-18124,P: 750 G: 50 - 500 Stgn: 25 Sel: Roulette Trny: 3 Mut: 0 MI: 0,1 Elit: 0 
01/06/2022 02:10,80,-15342,-17998,P: 750 G: 50 - 500 Stgn: 25 Sel: Roulette Trny: 3 Mut: 0 MI: 0,1 Elit: 0 
01/06/2022 02:11,81,-15717,-17946,P: 750 G: 50 - 500 Stgn: 25 Sel: Roulette Trny: 3 Mut: 0 MI: 0,1 Elit: 0 
01/06/2022 02:12,82,-15640,-17801,P: 750 G: 50 - 500 Stgn: 25 Sel: Roulette Trny: 3 Mut: 0 MI: 0,1 Elit: 0 
01/06/2022 02:14,83,-15654,-17787,P: 750 G: 50 - 500 Stgn: 25 Sel: Roulette Trny: 3 Mut: 0 MI: 0,1 Elit: 0 
01/06/2022 02:15,84,-14802,-17691,P: 750 G: 50 - 500 Stgn: 25 Sel: Roulette Trny: 3 Mut: 0 MI: 0,1 Elit: 0 
01/06/2022 02:16,85,-14924,-17560,P: 750 G: 50 - 500 Stgn: 25 Sel: Roulette Trny: 3 Mut: 0 MI: 0,1 Elit: 0 
01/06/2022 02:18,86,-15058,-17415,P: 750 G: 50 - 500 Stgn: 25 Sel: Roulette Trny: 3 Mut: 0 MI: 0,1 Elit: 0 
01/06/2022 02:19,87,-14917,-17439,P: 750 G: 50 - 500 Stgn: 25 Sel: Roulette Trny: 3 Mut: 0 MI: 0,1 Elit: 0 
01/06/2022 02:20,88,-14954,-17393,P: 750 G: 50 - 500 Stgn: 25 Sel: Roulette Trny: 3 Mut: 0 MI: 0,1 Elit: 0 
01/06/2022 02:21,89,-15189,-17271,P: 750 G: 50 - 500 Stgn: 25 Sel: Roulette Trny: 3 Mut: 0 MI: 0,1 Elit: 0 
01/06/2022 02:22,90,-14722,-17120,P: 750 G: 50 - 500 Stgn: 25 Sel: Roulette Trny: 3 Mut: 0 MI: 0,1 Elit: 0 
01/06/2022 02:24,91,-14868,-17103,P: 750 G: 50 - 500 Stgn: 25 Sel: Roulette Trny: 3 Mut: 0 MI: 0,1 Elit: 0 
01/06/2022 02:25,92,-14685,-16974,P: 750 G: 50 - 500 Stgn: 25 Sel: Roulette Trny: 3 Mut: 0 MI: 0,1 Elit: 0 
01/06/2022 02:26,93,-14674,-16963,P: 750 G: 50 - 500 Stgn: 25 Sel: Roulette Trny: 3 Mut: 0 MI: 0,1 Elit: 0 
01/06/2022 02:27,94,-14371,-16890,P: 750 G: 50 - 500 Stgn: 25 Sel: Roulette Trny: 3 Mut: 0 MI: 0,1 Elit: 0 
01/06/2022 02:29,95,-14122,-16806,P: 750 G: 50 - 500 Stgn: 25 Sel: Roulette Trny: 3 Mut: 0 MI: 0,1 Elit: 0 
01/06/2022 02:30,96,-14474,-16767,P: 750 G: 50 - 500 Stgn: 25 Sel: Roulette Trny: 3 Mut: 0 MI: 0,1 Elit: 0 
01/06/2022 02:31,97,-14214,-16751,P: 750 G: 50 - 500 Stgn: 25 Sel: Roulette Trny: 3 Mut: 0 MI: 0,1 Elit: 0 
01/06/2022 02:32,98,-14414,-16688,P: 750 G: 50 - 500 Stgn: 25 Sel: Roulette Trny: 3 Mut: 0 MI: 0,1 Elit: 0 
01/06/2022 02:34,99,-14743,-16657,P: 750 G: 50 - 500 Stgn: 25 Sel: Roulette Trny: 3 Mut: 0 MI: 0,1 Elit: 0 
01/06/2022 02:35,100,-14330,-16613,P: 750 G: 50 - 500 Stgn: 25 Sel: Roulette Trny: 3 Mut: 0 MI: 0,1 Elit: 0 
01/06/2022 02:36,101,-14021,-16515,P: 750 G: 50 - 500 Stgn: 25 Sel: Roulette Trny: 3 Mut: 0 MI: 0,1 Elit: 0 
01/06/2022 02:37,102,-14353,-16483,P: 750 G: 50 - 500 Stgn: 25 Sel: Roulette Trny: 3 Mut: 0 MI: 0,1 Elit: 0 
01/06/2022 02:39,103,-14147,-16444,P: 750 G: 50 - 500 Stgn: 25 Sel: Roulette Trny: 3 Mut: 0 MI: 0,1 Elit: 0 
01/06/2022 02:40,104,-14120,-16402,P: 750 G: 50 - 500 Stgn: 25 Sel: Roulette Trny: 3 Mut: 0 MI: 0,1 Elit: 0 
01/06/2022 02:41,105,-14008,-16278,P: 750 G: 50 - 500 Stgn: 25 Sel: Roulette Trny: 3 Mut: 0 MI: 0,1 Elit: 0 
01/06/2022 02:42,106,-13663,-16273,P: 750 G: 50 - 500 Stgn: 25 Sel: Roulette Trny: 3 Mut: 0 MI: 0,1 Elit: 0 
01/06/2022 02:43,107,-13940,-16285,P: 750 G: 50 - 500 Stgn: 25 Sel: Roulette Trny: 3 Mut: 0 MI: 0,1 Elit: 0 
01/06/2022 02:45,108,-14088,-16180,P: 750 G: 50 - 500 Stgn: 25 Sel: Roulette Trny: 3 Mut: 0 MI: 0,1 Elit: 0 
01/06/2022 02:46,109,-14076,-16177,P: 750 G: 50 - 500 Stgn: 25 Sel: Roulette Trny: 3 Mut: 0 MI: 0,1 Elit: 0 
01/06/2022 02:47,110,-13792,-16119,P: 750 G: 50 - 500 Stgn: 25 Sel: Roulette Trny: 3 Mut: 0 MI: 0,1 Elit: 0 
01/06/2022 02:48,111,-13903,-16055,P: 750 G: 50 - 500 Stgn: 25 Sel: Roulette Trny: 3 Mut: 0 MI: 0,1 Elit: 0 
01/06/2022 02:50,112,-13762,-16055,P: 750 G: 50 - 500 Stgn: 25 Sel: Roulette Trny: 3 Mut: 0 MI: 0,1 Elit: 0 
01/06/2022 02:51,113,-13655,-15997,P: 750 G: 50 - 500 Stgn: 25 Sel: Roulette Trny: 3 Mut: 0 MI: 0,1 Elit: 0 
01/06/2022 02:52,114,-13942,-15980,P: 750 G: 50 - 500 Stgn: 25 Sel: Roulette Trny: 3 Mut: 0 MI: 0,1 Elit: 0 
01/06/2022 02:53,115,-13688,-15857,P: 750 G: 50 - 500 Stgn: 25 Sel: Roulette Trny: 3 Mut: 0 MI: 0,1 Elit: 0 
01/06/2022 02:55,116,-13494,-15826,P: 750 G: 50 - 500 Stgn: 25 Sel: Roulette Trny: 3 Mut: 0 MI: 0,1 Elit: 0 
01/06/2022 02:56,117,-13852,-15823,P: 750 G: 50 - 500 Stgn: 25 Sel: Roulette Trny: 3 Mut: 0 MI: 0,1 Elit: 0 
01/06/2022 02:57,118,-13114,-15799,P: 750 G: 50 - 500 Stgn: 25 Sel: Roulette Trny: 3 Mut: 0 MI: 0,1 Elit: 0 
01/06/2022 02:58,119,-13390,-15711,P: 750 G: 50 - 500 Stgn: 25 Sel: Roulette Trny: 3 Mut: 0 MI: 0,1 Elit: 0 
01/06/2022 03:00,120,-13260,-15667,P: 750 G: 50 - 500 Stgn: 25 Sel: Roulette Trny: 3 Mut: 0 MI: 0,1 Elit: 0 
01/06/2022 03:01,121,-13492,-15642,P: 750 G: 50 - 500 Stgn: 25 Sel: Roulette Trny: 3 Mut: 0 MI: 0,1 Elit: 0 
01/06/2022 03:02,122,-13081,-15634,P: 750 G: 50 - 500 Stgn: 25 Sel: Roulette Trny: 3 Mut: 0 MI: 0,1 Elit: 0 
01/06/2022 03:03,123,-13371,-15571,P: 750 G: 50 - 500 Stgn: 25 Sel: Roulette Trny: 3 Mut: 0 MI: 0,1 Elit: 0 
01/06/2022 03:05,124,-13560,-15552,P: 750 G: 50 - 500 Stgn: 25 Sel: Roulette Trny: 3 Mut: 0 MI: 0,1 Elit: 0 
01/06/2022 03:06,125,-13601,-15531,P: 750 G: 50 - 500 Stgn: 25 Sel: Roulette Trny: 3 Mut: 0 MI: 0,1 Elit: 0 
01/06/2022 03:07,126,-13438,-15483,P: 750 G: 50 - 500 Stgn: 25 Sel: Roulette Trny: 3 Mut: 0 MI: 0,1 Elit: 0 
01/06/2022 03:08,127,-12736,-15440,P: 750 G: 50 - 500 Stgn: 25 Sel: Roulette Trny: 3 Mut: 0 MI: 0,1 Elit: 0 
01/06/2022 03:10,128,-13107,-15437,P: 750 G: 50 - 500 Stgn: 25 Sel: Roulette Trny: 3 Mut: 0 MI: 0,1 Elit: 0 
01/06/2022 03:11,129,-12915,-15381,P: 750 G: 50 - 500 Stgn: 25 Sel: Roulette Trny: 3 Mut: 0 MI: 0,1 Elit: 0 
01/06/2022 03:12,130,-13082,-15356,P: 750 G: 50 - 500 Stgn: 25 Sel: Roulette Trny: 3 Mut: 0 MI: 0,1 Elit: 0 
01/06/2022 03:13,131,-13372,-15377,P: 750 G: 50 - 500 Stgn: 25 Sel: Roulette Trny: 3 Mut: 0 MI: 0,1 Elit: 0 
01/06/2022 03:15,132,-12870,-15351,P: 750 G: 50 - 500 Stgn: 25 Sel: Roulette Trny: 3 Mut: 0 MI: 0,1 Elit: 0 
01/06/2022 03:16,133,-12814,-15312,P: 750 G: 50 - 500 Stgn: 25 Sel: Roulette Trny: 3 Mut: 0 MI: 0,1 Elit: 0 
01/06/2022 03:17,134,-13343,-15282,P: 750 G: 50 - 500 Stgn: 25 Sel: Roulette Trny: 3 Mut: 0 MI: 0,1 Elit: 0 
01/06/2022 03:18,135,-12721,-15243,P: 750 G: 50 - 500 Stgn: 25 Sel: Roulette Trny: 3 Mut: 0 MI: 0,1 Elit: 0 
01/06/2022 03:19,136,-12971,-15253,P: 750 G: 50 - 500 Stgn: 25 Sel: Roulette Trny: 3 Mut: 0 MI: 0,1 Elit: 0 
01/06/2022 03:21,137,-13114,-15152,P: 750 G: 50 - 500 Stgn: 25 Sel: Roulette Trny: 3 Mut: 0 MI: 0,1 Elit: 0 
01/06/2022 03:22,138,-12644,-15246,P: 750 G: 50 - 500 Stgn: 25 Sel: Roulette Trny: 3 Mut: 0 MI: 0,1 Elit: 0 
01/06/2022 03:23,139,-12979,-15158,P: 750 G: 50 - 500 Stgn: 25 Sel: Roulette Trny: 3 Mut: 0 MI: 0,1 Elit: 0 
01/06/2022 03:24,140,-12920,-15127,P: 750 G: 50 - 500 Stgn: 25 Sel: Roulette Trny: 3 Mut: 0 MI: 0,1 Elit: 0 
01/06/2022 03:26,141,-13102,-15135,P: 750 G: 50 - 500 Stgn: 25 Sel: Roulette Trny: 3 Mut: 0 MI: 0,1 Elit: 0 
01/06/2022 03:27,142,-13079,-15107,P: 750 G: 50 - 500 Stgn: 25 Sel: Roulette Trny: 3 Mut: 0 MI: 0,1 Elit: 0 
01/06/2022 03:28,143,-12728,-15039,P: 750 G: 50 - 500 Stgn: 25 Sel: Roulette Trny: 3 Mut: 0 MI: 0,1 Elit: 0 
01/06/2022 03:29,144,-12590,-15061,P: 750 G: 50 - 500 Stgn: 25 Sel: Roulette Trny: 3 Mut: 0 MI: 0,1 Elit: 0 
01/06/2022 03:31,145,-12939,-15074,P: 750 G: 50 - 500 Stgn: 25 Sel: Roulette Trny: 3 Mut: 0 MI: 0,1 Elit: 0 
01/06/2022 03:32,146,-12886,-15066,P: 750 G: 50 - 500 Stgn: 25 Sel: Roulette Trny: 3 Mut: 0 MI: 0,1 Elit: 0 
01/06/2022 03:33,147,-13110,-15030,P: 750 G: 50 - 500 Stgn: 25 Sel: Roulette Trny: 3 Mut: 0 MI: 0,1 Elit: 0 
01/06/2022 03:34,148,-13113,-15048,P: 750 G: 50 - 500 Stgn: 25 Sel: Roulette Trny: 3 Mut: 0 MI: 0,1 Elit: 0 
01/06/2022 03:36,149,-12813,-14964,P: 750 G: 50 - 500 Stgn: 25 Sel: Roulette Trny: 3 Mut: 0 MI: 0,1 Elit: 0 
01/06/2022 03:37,150,-12447,-14981,P: 750 G: 50 - 500 Stgn: 25 Sel: Roulette Trny: 3 Mut: 0 MI: 0,1 Elit: 0 
01/06/2022 03:38,151,-12189,-14960,P: 750 G: 50 - 500 Stgn: 25 Sel: Roulette Trny: 3 Mut: 0 MI: 0,1 Elit: 0 
01/06/2022 03:39,152,-12557,-14951,P: 750 G: 50 - 500 Stgn: 25 Sel: Roulette Trny: 3 Mut: 0 MI: 0,1 Elit: 0 
01/06/2022 03:41,153,-12583,-14924,P: 750 G: 50 - 500 Stgn: 25 Sel: Roulette Trny: 3 Mut: 0 MI: 0,1 Elit: 0 
01/06/2022 03:42,154,-12315,-14872,P: 750 G: 50 - 500 Stgn: 25 Sel: Roulette Trny: 3 Mut: 0 MI: 0,1 Elit: 0 
01/06/2022 03:43,155,-12509,-14878,P: 750 G: 50 - 500 Stgn: 25 Sel: Roulette Trny: 3 Mut: 0 MI: 0,1 Elit: 0 
01/06/2022 03:44,156,-12481,-14822,P: 750 G: 50 - 500 Stgn: 25 Sel: Roulette Trny: 3 Mut: 0 MI: 0,1 Elit: 0 
01/06/2022 03:45,157,-12237,-14807,P: 750 G: 50 - 500 Stgn: 25 Sel: Roulette Trny: 3 Mut: 0 MI: 0,1 Elit: 0 
01/06/2022 03:46,158,-12802,-14817,P: 750 G: 50 - 500 Stgn: 25 Sel: Roulette Trny: 3 Mut: 0 MI: 0,1 Elit: 0 
01/06/2022 03:47,159,-12218,-14777,P: 750 G: 50 - 500 Stgn: 25 Sel: Roulette Trny: 3 Mut: 0 MI: 0,1 Elit: 0 
01/06/2022 03:48,160,-12733,-14790,P: 750 G: 50 - 500 Stgn: 25 Sel: Roulette Trny: 3 Mut: 0 MI: 0,1 Elit: 0 
01/06/2022 03:49,161,-12801,-14752,P: 750 G: 50 - 500 Stgn: 25 Sel: Roulette Trny: 3 Mut: 0 MI: 0,1 Elit: 0 
01/06/2022 03:50,162,-12394,-14751,P: 750 G: 50 - 500 Stgn: 25 Sel: Roulette Trny: 3 Mut: 0 MI: 0,1 Elit: 0 
01/06/2022 03:51,163,-12703,-14754,P: 750 G: 50 - 500 Stgn: 25 Sel: Roulette Trny: 3 Mut: 0 MI: 0,1 Elit: 0 
01/06/2022 03:52,164,-12335,-14729,P: 750 G: 50 - 500 Stgn: 25 Sel: Roulette Trny: 3 Mut: 0 MI: 0,1 Elit: 0 
01/06/2022 03:53,165,-12270,-14694,P: 750 G: 50 - 500 Stgn: 25 Sel: Roulette Trny: 3 Mut: 0 MI: 0,1 Elit: 0 
01/06/2022 03:54,166,-12665,-14674,P: 750 G: 50 - 500 Stgn: 25 Sel: Roulette Trny: 3 Mut: 0 MI: 0,1 Elit: 0 
01/06/2022 03:56,167,-12637,-14676,P: 750 G: 50 - 500 Stgn: 25 Sel: Roulette Trny: 3 Mut: 0 MI: 0,1 Elit: 0 
01/06/2022 03:57,168,-12560,-14680,P: 750 G: 50 - 500 Stgn: 25 Sel: Roulette Trny: 3 Mut: 0 MI: 0,1 Elit: 0 
01/06/2022 03:58,169,-12339,-14666,P: 750 G: 50 - 500 Stgn: 25 Sel: Roulette Trny: 3 Mut: 0 MI: 0,1 Elit: 0 
01/06/2022 03:59,170,-12333,-14629,P: 750 G: 50 - 500 Stgn: 25 Sel: Roulette Trny: 3 Mut: 0 MI: 0,1 Elit: 0 
01/06/2022 04:00,171,-12714,-14645,P: 750 G: 50 - 500 Stgn: 25 Sel: Roulette Trny: 3 Mut: 0 MI: 0,1 Elit: 0 
01/06/2022 04:01,172,-12453,-14607,P: 750 G: 50 - 500 Stgn: 25 Sel: Roulette Trny: 3 Mut: 0 MI: 0,1 Elit: 0 
01/06/2022 04:02,173,-12288,-14601,P: 750 G: 50 - 500 Stgn: 25 Sel: Roulette Trny: 3 Mut: 0 MI: 0,1 Elit: 0 
01/06/2022 04:03,174,-11730,-14588,P: 750 G: 50 - 500 Stgn: 25 Sel: Roulette Trny: 3 Mut: 0 MI: 0,1 Elit: 0 
01/06/2022 04:04,175,-12602,-14527,P: 750 G: 50 - 500 Stgn: 25 Sel: Roulette Trny: 3 Mut: 0 MI: 0,1 Elit: 0 
01/06/2022 04:05,176,-11435,-14528,P: 750 G: 50 - 500 Stgn: 25 Sel: Roulette Trny: 3 Mut: 0 MI: 0,1 Elit: 0 
01/06/2022 04:06,177,-12305,-14597,P: 750 G: 50 - 500 Stgn: 25 Sel: Roulette Trny: 3 Mut: 0 MI: 0,1 Elit: 0 
01/06/2022 04:08,178,-12405,-14542,P: 750 G: 50 - 500 Stgn: 25 Sel: Roulette Trny: 3 Mut: 0 MI: 0,1 Elit: 0 
01/06/2022 04:09,179,-12405,-14545,P: 750 G: 50 - 500 Stgn: 25 Sel: Roulette Trny: 3 Mut: 0 MI: 0,1 Elit: 0 
01/06/2022 04:10,180,-12547,-14488,P: 750 G: 50 - 500 Stgn: 25 Sel: Roulette Trny: 3 Mut: 0 MI: 0,1 Elit: 0 
01/06/2022 04:11,181,-12291,-14513,P: 750 G: 50 - 500 Stgn: 25 Sel: Roulette Trny: 3 Mut: 0 MI: 0,1 Elit: 0 
01/06/2022 04:12,182,-12216,-14493,P: 750 G: 50 - 500 Stgn: 25 Sel: Roulette Trny: 3 Mut: 0 MI: 0,1 Elit: 0 
01/06/2022 04:13,183,-12503,-14497,P: 750 G: 50 - 500 Stgn: 25 Sel: Roulette Trny: 3 Mut: 0 MI: 0,1 Elit: 0 
01/06/2022 04:14,184,-11913,-14460,P: 750 G: 50 - 500 Stgn: 25 Sel: Roulette Trny: 3 Mut: 0 MI: 0,1 Elit: 0 
01/06/2022 04:15,185,-12141,-14473,P: 750 G: 50 - 500 Stgn: 25 Sel: Roulette Trny: 3 Mut: 0 MI: 0,1 Elit: 0 
01/06/2022 04:17,186,-12583,-14457,P: 750 G: 50 - 500 Stgn: 25 Sel: Roulette Trny: 3 Mut: 0 MI: 0,1 Elit: 0 
01/06/2022 04:18,187,-12067,-14429,P: 750 G: 50 - 500 Stgn: 25 Sel: Roulette Trny: 3 Mut: 0 MI: 0,1 Elit: 0 
01/06/2022 04:19,188,-12296,-14429,P: 750 G: 50 - 500 Stgn: 25 Sel: Roulette Trny: 3 Mut: 0 MI: 0,1 Elit: 0 
01/06/2022 04:20,189,-12138,-14426,P: 750 G: 50 - 500 Stgn: 25 Sel: Roulette Trny: 3 Mut: 0 MI: 0,1 Elit: 0 
01/06/2022 04:21,190,-12347,-14470,P: 750 G: 50 - 500 Stgn: 25 Sel: Roulette Trny: 3 Mut: 0 MI: 0,1 Elit: 0 
01/06/2022 04:22,191,-12137,-14412,P: 750 G: 50 - 500 Stgn: 25 Sel: Roulette Trny: 3 Mut: 0 MI: 0,1 Elit: 0 
01/06/2022 04:23,192,-12146,-14382,P: 750 G: 50 - 500 Stgn: 25 Sel: Roulette Trny: 3 Mut: 0 MI: 0,1 Elit: 0 
01/06/2022 04:24,193,-12303,-14378,P: 750 G: 50 - 500 Stgn: 25 Sel: Roulette Trny: 3 Mut: 0 MI: 0,1 Elit: 0 
01/06/2022 04:25,194,-12230,-14403,P: 750 G: 50 - 500 Stgn: 25 Sel: Roulette Trny: 3 Mut: 0 MI: 0,1 Elit: 0 
01/06/2022 04:27,195,-12305,-14362,P: 750 G: 50 - 500 Stgn: 25 Sel: Roulette Trny: 3 Mut: 0 MI: 0,1 Elit: 0 
01/06/2022 04:28,196,-12453,-14406,P: 750 G: 50 - 500 Stgn: 25 Sel: Roulette Trny: 3 Mut: 0 MI: 0,1 Elit: 0 
01/06/2022 04:29,197,-12407,-14339,P: 750 G: 50 - 500 Stgn: 25 Sel: Roulette Trny: 3 Mut: 0 MI: 0,1 Elit: 0 
01/06/2022 04:30,198,-12020,-14389,P: 750 G: 50 - 500 Stgn: 25 Sel: Roulette Trny: 3 Mut: 0 MI: 0,1 Elit: 0 
01/06/2022 04:32,199,-11809,-14372,P: 750 G: 50 - 500 Stgn: 25 Sel: Roulette Trny: 3 Mut: 0 MI: 0,1 Elit: 0 
01/06/2022 04:33,200,-12247,-14396,P: 750 G: 50 - 500 Stgn: 25 Sel: Roulette Trny: 3 Mut: 0 MI: 0,1 Elit: 0 
01/06/2022 04:34,201,-12316,-14293,P: 750 G: 50 - 500 Stgn: 25 Sel: Roulette Trny: 3 Mut: 0 MI: 0,1 Elit: 0 
01/06/2022 04:35,202,-12113,-14309,P: 750 G: 50 - 500 Stgn: 25 Sel: Roulette Trny: 3 Mut: 0 MI: 0,1 Elit: 0 
01/06/2022 04:37,203,-12481,-14338,P: 750 G: 50 - 500 Stgn: 25 Sel: Roulette Trny: 3 Mut: 0 MI: 0,1 Elit: 0 
01/06/2022 04:38,204,-12080,-14318,P: 750 G: 50 - 500 Stgn: 25 Sel: Roulette Trny: 3 Mut: 0 MI: 0,1 Elit: 0 
01/06/2022 04:39,205,-11870,-14292,P: 750 G: 50 - 500 Stgn: 25 Sel: Roulette Trny: 3 Mut: 0 MI: 0,1 Elit: 0 
01/06/2022 04:40,206,-12088,-14274,P: 750 G: 50 - 500 Stgn: 25 Sel: Roulette Trny: 3 Mut: 0 MI: 0,1 Elit: 0 
01/06/2022 04:41,207,-11949,-14331,P: 750 G: 50 - 500 Stgn: 25 Sel: Roulette Trny: 3 Mut: 0 MI: 0,1 Elit: 0 
01/06/2022 04:43,208,-12370,-14272,P: 750 G: 50 - 500 Stgn: 25 Sel: Roulette Trny: 3 Mut: 0 MI: 0,1 Elit: 0 
01/06/2022 04:44,209,-12283,-14219,P: 750 G: 50 - 500 Stgn: 25 Sel: Roulette Trny: 3 Mut: 0 MI: 0,1 Elit: 0 
01/06/2022 04:45,210,-11831,-14284,P: 750 G: 50 - 500 Stgn: 25 Sel: Roulette Trny: 3 Mut: 0 MI: 0,1 Elit: 0 
01/06/2022 04:47,211,-12436,-14238,P: 750 G: 50 - 500 Stgn: 25 Sel: Roulette Trny: 3 Mut: 0 MI: 0,1 Elit: 0 
01/06/2022 04:48,212,-11826,-14269,P: 750 G: 50 - 500 Stgn: 25 Sel: Roulette Trny: 3 Mut: 0 MI: 0,1 Elit: 0 
01/06/2022 04:49,213,-11756,-14225,P: 750 G: 50 - 500 Stgn: 25 Sel: Roulette Trny: 3 Mut: 0 MI: 0,1 Elit: 0 
01/06/2022 04:50,214,-12141,-14211,P: 750 G: 50 - 500 Stgn: 25 Sel: Roulette Trny: 3 Mut: 0 MI: 0,1 Elit: 0 
01/06/2022 04:52,215,-11683,-14212,P: 750 G: 50 - 500 Stgn: 25 Sel: Roulette Trny: 3 Mut: 0 MI: 0,1 Elit: 0 
01/06/2022 04:53,216,-11986,-14215,P: 750 G: 50 - 500 Stgn: 25 Sel: Roulette Trny: 3 Mut: 0 MI: 0,1 Elit: 0 
01/06/2022 04:54,217,-12133,-14212,P: 750 G: 50 - 500 Stgn: 25 Sel: Roulette Trny: 3 Mut: 0 MI: 0,1 Elit: 0 
01/06/2022 04:55,218,-11972,-14186,P: 750 G: 50 - 500 Stgn: 25 Sel: Roulette Trny: 3 Mut: 0 MI: 0,1 Elit: 0 
01/06/2022 04:57,219,-12179,-14207,P: 750 G: 50 - 500 Stgn: 25 Sel: Roulette Trny: 3 Mut: 0 MI: 0,1 Elit: 0 
01/06/2022 04:58,220,-11658,-14209,P: 750 G: 50 - 500 Stgn: 25 Sel: Roulette Trny: 3 Mut: 0 MI: 0,1 Elit: 0 
01/06/2022 04:59,221,-11702,-14193,P: 750 G: 50 - 500 Stgn: 25 Sel: Roulette Trny: 3 Mut: 0 MI: 0,1 Elit: 0 
01/06/2022 05:00,222,-11553,-14157,P: 750 G: 50 - 500 Stgn: 25 Sel: Roulette Trny: 3 Mut: 0 MI: 0,1 Elit: 0 
01/06/2022 05:02,223,-11769,-14213,P: 750 G: 50 - 500 Stgn: 25 Sel: Roulette Trny: 3 Mut: 0 MI: 0,1 Elit: 0 
01/06/2022 05:03,224,-11932,-14183,P: 750 G: 50 - 500 Stgn: 25 Sel: Roulette Trny: 3 Mut: 0 MI: 0,1 Elit: 0 
01/06/2022 05:04,225,-11957,-14157,P: 750 G: 50 - 500 Stgn: 25 Sel: Roulette Trny: 3 Mut: 0 MI: 0,1 Elit: 0 
01/06/2022 05:05,226,-12278,-14150,P: 750 G: 50 - 500 Stgn: 25 Sel: Roulette Trny: 3 Mut: 0 MI: 0,1 Elit: 0 
01/06/2022 05:07,227,-11528,-14154,P: 750 G: 50 - 500 Stgn: 25 Sel: Roulette Trny: 3 Mut: 0 MI: 0,1 Elit: 0 
01/06/2022 05:08,228,-12131,-14148,P: 750 G: 50 - 500 Stgn: 25 Sel: Roulette Trny: 3 Mut: 0 MI: 0,1 Elit: 0 
01/06/2022 05:09,229,-12078,-14142,P: 750 G: 50 - 500 Stgn: 25 Sel: Roulette Trny: 3 Mut: 0 MI: 0,1 Elit: 0 
01/06/2022 05:10,230,-12060,-14147,P: 750 G: 50 - 500 Stgn: 25 Sel: Roulette Trny: 3 Mut: 0 MI: 0,1 Elit: 0 
01/06/2022 05:12,231,-12266,-14104,P: 750 G: 50 - 500 Stgn: 25 Sel: Roulette Trny: 3 Mut: 0 MI: 0,1 Elit: 0 
01/06/2022 05:13,232,-11949,-14130,P: 750 G: 50 - 500 Stgn: 25 Sel: Roulette Trny: 3 Mut: 0 MI: 0,1 Elit: 0 
01/06/2022 05:14,233,-12143,-14135,P: 750 G: 50 - 500 Stgn: 25 Sel: Roulette Trny: 3 Mut: 0 MI: 0,1 Elit: 0 
01/06/2022 05:15,234,-11787,-14119,P: 750 G: 50 - 500 Stgn: 25 Sel: Roulette Trny: 3 Mut: 0 MI: 0,1 Elit: 0 
01/06/2022 05:16,235,-11421,-14191,P: 750 G: 50 - 500 Stgn: 25 Sel: Roulette Trny: 3 Mut: 0 MI: 0,1 Elit: 0 
01/06/2022 05:18,236,-11952,-14097,P: 750 G: 50 - 500 Stgn: 25 Sel: Roulette Trny: 3 Mut: 0 MI: 0,1 Elit: 0 
01/06/2022 05:19,237,-11893,-14115,P: 750 G: 50 - 500 Stgn: 25 Sel: Roulette Trny: 3 Mut: 0 MI: 0,1 Elit: 0 
01/06/2022 05:20,238,-11901,-14095,P: 750 G: 50 - 500 Stgn: 25 Sel: Roulette Trny: 3 Mut: 0 MI: 0,1 Elit: 0 
01/06/2022 05:21,239,-11732,-14109,P: 750 G: 50 - 500 Stgn: 25 Sel: Roulette Trny: 3 Mut: 0 MI: 0,1 Elit: 0 
01/06/2022 05:23,240,-12041,-14101,P: 750 G: 50 - 500 Stgn: 25 Sel: Roulette Trny: 3 Mut: 0 MI: 0,1 Elit: 0 
01/06/2022 05:24,241,-11660,-14086,P: 750 G: 50 - 500 Stgn: 25 Sel: Roulette Trny: 3 Mut: 0 MI: 0,1 Elit: 0 
01/06/2022 05:25,242,-12237,-14126,P: 750 G: 50 - 500 Stgn: 25 Sel: Roulette Trny: 3 Mut: 0 MI: 0,1 Elit: 0 
01/06/2022 05:26,243,-11969,-14105,P: 750 G: 50 - 500 Stgn: 25 Sel: Roulette Trny: 3 Mut: 0 MI: 0,1 Elit: 0 
01/06/2022 05:28,244,-12075,-14159,P: 750 G: 50 - 500 Stgn: 25 Sel: Roulette Trny: 3 Mut: 0 MI: 0,1 Elit: 0 
01/06/2022 05:29,245,-11718,-14065,P: 750 G: 50 - 500 Stgn: 25 Sel: Roulette Trny: 3 Mut: 0 MI: 0,1 Elit: 0 
01/06/2022 05:30,246,-11855,-14108,P: 750 G: 50 - 500 Stgn: 25 Sel: Roulette Trny: 3 Mut: 0 MI: 0,1 Elit: 0 
01/06/2022 05:31,247,-11816,-14086,P: 750 G: 50 - 500 Stgn: 25 Sel: Roulette Trny: 3 Mut: 0 MI: 0,1 Elit: 0 
01/06/2022 05:32,248,-12128,-14043,P: 750 G: 50 - 500 Stgn: 25 Sel: Roulette Trny: 3 Mut: 0 MI: 0,1 Elit: 0 
01/06/2022 05:34,249,-11857,-14090,P: 750 G: 50 - 500 Stgn: 25 Sel: Roulette Trny: 3 Mut: 0 MI: 0,1 Elit: 0 
01/06/2022 05:35,250,-11479,-14062,P: 750 G: 50 - 500 Stgn: 25 Sel: Roulette Trny: 3 Mut: 0 MI: 0,1 Elit: 0 
01/06/2022 05:36,251,-12178,-14135,P: 750 G: 50 - 500 Stgn: 25 Sel: Roulette Trny: 3 Mut: 0 MI: 0,1 Elit: 0 
01/06/2022 05:37,252,-11478,-14061,P: 750 G: 50 - 500 Stgn: 25 Sel: Roulette Trny: 3 Mut: 0 MI: 0,1 Elit: 0 
01/06/2022 05:39,253,-11853,-14076,P: 750 G: 50 - 500 Stgn: 25 Sel: Roulette Trny: 3 Mut: 0 MI: 0,1 Elit: 0 
01/06/2022 05:40,254,-11862,-14064,P: 750 G: 50 - 500 Stgn: 25 Sel: Roulette Trny: 3 Mut: 0 MI: 0,1 Elit: 0 
01/06/2022 05:41,255,-11870,-14102,P: 750 G: 50 - 500 Stgn: 25 Sel: Roulette Trny: 3 Mut: 0 MI: 0,1 Elit: 0 
01/06/2022 05:42,256,-11586,-14035,P: 750 G: 50 - 500 Stgn: 25 Sel: Roulette Trny: 3 Mut: 0 MI: 0,1 Elit: 0 
01/06/2022 05:44,257,-12004,-14026,P: 750 G: 50 - 500 Stgn: 25 Sel: Roulette Trny: 3 Mut: 0 MI: 0,1 Elit: 0 
01/06/2022 05:45,258,-11729,-13998,P: 750 G: 50 - 500 Stgn: 25 Sel: Roulette Trny: 3 Mut: 0 MI: 0,1 Elit: 0 
01/06/2022 05:46,259,-11795,-14026,P: 750 G: 50 - 500 Stgn: 25 Sel: Roulette Trny: 3 Mut: 0 MI: 0,1 Elit: 0 
01/06/2022 05:47,260,-11924,-14042,P: 750 G: 50 - 500 Stgn: 25 Sel: Roulette Trny: 3 Mut: 0 MI: 0,1 Elit: 0 
01/06/2022 05:49,261,-11868,-14061,P: 750 G: 50 - 500 Stgn: 25 Sel: Roulette Trny: 3 Mut: 0 MI: 0,1 Elit: 0 
01/06/2022 05:50,262,-12127,-14054,P: 750 G: 50 - 500 Stgn: 25 Sel: Roulette Trny: 3 Mut: 0 MI: 0,1 Elit: 0 
01/06/2022 05:51,263,-12007,-14060,P: 750 G: 50 - 500 Stgn: 25 Sel: Roulette Trny: 3 Mut: 0 MI: 0,1 Elit: 0 
01/06/2022 05:53,264,-12085,-14047,P: 750 G: 50 - 500 Stgn: 25 Sel: Roulette Trny: 3 Mut: 0 MI: 0,1 Elit: 0 
01/06/2022 05:54,265,-11929,-14063,P: 750 G: 50 - 500 Stgn: 25 Sel: Roulette Trny: 3 Mut: 0 MI: 0,1 Elit: 0 
01/06/2022 05:55,266,-11653,-14018,P: 750 G: 50 - 500 Stgn: 25 Sel: Roulette Trny: 3 Mut: 0 MI: 0,1 Elit: 0 
01/06/2022 05:56,267,-11753,-14026,P: 750 G: 50 - 500 Stgn: 25 Sel: Roulette Trny: 3 Mut: 0 MI: 0,1 Elit: 0 
01/06/2022 05:58,268,-12018,-14075,P: 750 G: 50 - 500 Stgn: 25 Sel: Roulette Trny: 3 Mut: 0 MI: 0,1 Elit: 0 
01/06/2022 05:59,269,-11853,-14055,P: 750 G: 50 - 500 Stgn: 25 Sel: Roulette Trny: 3 Mut: 0 MI: 0,1 Elit: 0 
01/06/2022 06:00,270,-11935,-14034,P: 750 G: 50 - 500 Stgn: 25 Sel: Roulette Trny: 3 Mut: 0 MI: 0,1 Elit: 0 
01/06/2022 06:01,271,-11912,-14009,P: 750 G: 50 - 500 Stgn: 25 Sel: Roulette Trny: 3 Mut: 0 MI: 0,1 Elit: 0 
01/06/2022 06:03,272,-11635,-14031,P: 750 G: 50 - 500 Stgn: 25 Sel: Roulette Trny: 3 Mut: 0 MI: 0,1 Elit: 0 
01/06/2022 06:04,273,-11262,-14037,P: 750 G: 50 - 500 Stgn: 25 Sel: Roulette Trny: 3 Mut: 0 MI: 0,1 Elit: 0 
01/06/2022 06:05,274,-11653,-14028,P: 750 G: 50 - 500 Stgn: 25 Sel: Roulette Trny: 3 Mut: 0 MI: 0,1 Elit: 0 
01/06/2022 06:06,275,-11655,-14021,P: 750 G: 50 - 500 Stgn: 25 Sel: Roulette Trny: 3 Mut: 0 MI: 0,1 Elit: 0 
01/06/2022 06:08,276,-12145,-13982,P: 750 G: 50 - 500 Stgn: 25 Sel: Roulette Trny: 3 Mut: 0 MI: 0,1 Elit: 0 
01/06/2022 06:09,277,-11652,-14031,P: 750 G: 50 - 500 Stgn: 25 Sel: Roulette Trny: 3 Mut: 0 MI: 0,1 Elit: 0 
01/06/2022 06:10,278,-12031,-13995,P: 750 G: 50 - 500 Stgn: 25 Sel: Roulette Trny: 3 Mut: 0 MI: 0,1 Elit: 0 
01/06/2022 06:11,279,-11464,-14010,P: 750 G: 50 - 500 Stgn: 25 Sel: Roulette Trny: 3 Mut: 0 MI: 0,1 Elit: 0 
01/06/2022 06:13,280,-11931,-13996,P: 750 G: 50 - 500 Stgn: 25 Sel: Roulette Trny: 3 Mut: 0 MI: 0,1 Elit: 0 
01/06/2022 06:14,281,-11720,-14021,P: 750 G: 50 - 500 Stgn: 25 Sel: Roulette Trny: 3 Mut: 0 MI: 0,1 Elit: 0 
01/06/2022 06:15,282,-11870,-14024,P: 750 G: 50 - 500 Stgn: 25 Sel: Roulette Trny: 3 Mut: 0 MI: 0,1 Elit: 0 
01/06/2022 06:16,283,-10851,-14005,P: 750 G: 50 - 500 Stgn: 25 Sel: Roulette Trny: 3 Mut: 0 MI: 0,1 Elit: 0 
01/06/2022 06:18,284,-11614,-14036,P: 750 G: 50 - 500 Stgn: 25 Sel: Roulette Trny: 3 Mut: 0 MI: 0,1 Elit: 0 
01/06/2022 06:19,285,-11975,-14048,P: 750 G: 50 - 500 Stgn: 25 Sel: Roulette Trny: 3 Mut: 0 MI: 0,1 Elit: 0 
01/06/2022 06:20,286,-11085,-13945,P: 750 G: 50 - 500 Stgn: 25 Sel: Roulette Trny: 3 Mut: 0 MI: 0,1 Elit: 0 
01/06/2022 06:21,287,-11297,-14013,P: 750 G: 50 - 500 Stgn: 25 Sel: Roulette Trny: 3 Mut: 0 MI: 0,1 Elit: 0 
01/06/2022 06:23,288,-12124,-14008,P: 750 G: 50 - 500 Stgn: 25 Sel: Roulette Trny: 3 Mut: 0 MI: 0,1 Elit: 0 
01/06/2022 06:24,289,-11642,-14009,P: 750 G: 50 - 500 Stgn: 25 Sel: Roulette Trny: 3 Mut: 0 MI: 0,1 Elit: 0 
01/06/2022 06:25,290,-11778,-13997,P: 750 G: 50 - 500 Stgn: 25 Sel: Roulette Trny: 3 Mut: 0 MI: 0,1 Elit: 0 
01/06/2022 06:26,291,-11861,-13951,P: 750 G: 50 - 500 Stgn: 25 Sel: Roulette Trny: 3 Mut: 0 MI: 0,1 Elit: 0 
01/06/2022 06:28,292,-12047,-14027,P: 750 G: 50 - 500 Stgn: 25 Sel: Roulette Trny: 3 Mut: 0 MI: 0,1 Elit: 0 
01/06/2022 06:29,293,-11601,-14033,P: 750 G: 50 - 500 Stgn: 25 Sel: Roulette Trny: 3 Mut: 0 MI: 0,1 Elit: 0 
01/06/2022 06:30,294,-11933,-14016,P: 750 G: 50 - 500 Stgn: 25 Sel: Roulette Trny: 3 Mut: 0 MI: 0,1 Elit: 0 
01/06/2022 06:31,295,-12091,-13998,P: 750 G: 50 - 500 Stgn: 25 Sel: Roulette Trny: 3 Mut: 0 MI: 0,1 Elit: 0 
01/06/2022 06:33,296,-11441,-13970,P: 750 G: 50 - 500 Stgn: 25 Sel: Roulette Trny: 3 Mut: 0 MI: 0,1 Elit: 0 
01/06/2022 06:34,297,-12286,-13997,P: 750 G: 50 - 500 Stgn: 25 Sel: Roulette Trny: 3 Mut: 0 MI: 0,1 Elit: 0 
01/06/2022 06:35,298,-11622,-13987,P: 750 G: 50 - 500 Stgn: 25 Sel: Roulette Trny: 3 Mut: 0 MI: 0,1 Elit: 0 
01/06/2022 06:36,299,-11238,-13966,P: 750 G: 50 - 500 Stgn: 25 Sel: Roulette Trny: 3 Mut: 0 MI: 0,1 Elit: 0 
01/06/2022 06:38,300,-12259,-14000,P: 750 G: 50 - 500 Stgn: 25 Sel: Roulette Trny: 3 Mut: 0 MI: 0,1 Elit: 0 
01/06/2022 06:39,301,-11759,-13970,P: 750 G: 50 - 500 Stgn: 25 Sel: Roulette Trny: 3 Mut: 0 MI: 0,1 Elit: 0 
01/06/2022 06:40,302,-11634,-14005,P: 750 G: 50 - 500 Stgn: 25 Sel: Roulette Trny: 3 Mut: 0 MI: 0,1 Elit: 0 
01/06/2022 06:41,303,-11571,-13963,P: 750 G: 50 - 500 Stgn: 25 Sel: Roulette Trny: 3 Mut: 0 MI: 0,1 Elit: 0 
01/06/2022 06:43,304,-11949,-13959,P: 750 G: 50 - 500 Stgn: 25 Sel: Roulette Trny: 3 Mut: 0 MI: 0,1 Elit: 0 
01/06/2022 06:44,305,-12064,-13946,P: 750 G: 50 - 500 Stgn: 25 Sel: Roulette Trny: 3 Mut: 0 MI: 0,1 Elit: 0 
01/06/2022 06:45,306,-12134,-13994,P: 750 G: 50 - 500 Stgn: 25 Sel: Roulette Trny: 3 Mut: 0 MI: 0,1 Elit: 0 
01/06/2022 06:46,307,-11932,-13984,P: 750 G: 50 - 500 Stgn: 25 Sel: Roulette Trny: 3 Mut: 0 MI: 0,1 Elit: 0 
01/06/2022 06:47,308,-12066,-13966,P: 750 G: 50 - 500 Stgn: 25 Sel: Roulette Trny: 3 Mut: 0 MI: 0,1 Elit: 0 
01/06/2022 06:49,309,-12030,-13918,P: 750 G: 50 - 500 Stgn: 25 Sel: Roulette Trny: 3 Mut: 0 MI: 0,1 Elit: 0 
01/06/2022 06:50,310,-11600,-13993,P: 750 G: 50 - 500 Stgn: 25 Sel: Roulette Trny: 3 Mut: 0 MI: 0,1 Elit: 0 
01/06/2022 06:51,311,-11719,-13945,P: 750 G: 50 - 500 Stgn: 25 Sel: Roulette Trny: 3 Mut: 0 MI: 0,1 Elit: 0 
01/06/2022 06:52,312,-11933,-13961,P: 750 G: 50 - 500 Stgn: 25 Sel: Roulette Trny: 3 Mut: 0 MI: 0,1 Elit: 0 
01/06/2022 06:53,313,-11801,-13966,P: 750 G: 50 - 500 Stgn: 25 Sel: Roulette Trny: 3 Mut: 0 MI: 0,1 Elit: 0 
01/06/2022 06:54,314,-11811,-13954,P: 750 G: 50 - 500 Stgn: 25 Sel: Roulette Trny: 3 Mut: 0 MI: 0,1 Elit: 0 
01/06/2022 06:55,315,-11459,-13948,P: 750 G: 50 - 500 Stgn: 25 Sel: Roulette Trny: 3 Mut: 0 MI: 0,1 Elit: 0 
01/06/2022 06:57,316,-11388,-13942,P: 750 G: 50 - 500 Stgn: 25 Sel: Roulette Trny: 3 Mut: 0 MI: 0,1 Elit: 0 
01/06/2022 06:58,317,-11526,-13908,P: 750 G: 50 - 500 Stgn: 25 Sel: Roulette Trny: 3 Mut: 0 MI: 0,1 Elit: 0 
01/06/2022 06:59,318,-11829,-13955,P: 750 G: 50 - 500 Stgn: 25 Sel: Roulette Trny: 3 Mut: 0 MI: 0,1 Elit: 0 
01/06/2022 07:00,319,-12181,-13944,P: 750 G: 50 - 500 Stgn: 25 Sel: Roulette Trny: 3 Mut: 0 MI: 0,1 Elit: 0 
01/06/2022 07:01,320,-11502,-13909,P: 750 G: 50 - 500 Stgn: 25 Sel: Roulette Trny: 3 Mut: 0 MI: 0,1 Elit: 0 
01/06/2022 07:02,321,-11940,-13955,P: 750 G: 50 - 500 Stgn: 25 Sel: Roulette Trny: 3 Mut: 0 MI: 0,1 Elit: 0 
01/06/2022 07:03,322,-11686,-13930,P: 750 G: 50 - 500 Stgn: 25 Sel: Roulette Trny: 3 Mut: 0 MI: 0,1 Elit: 0 
01/06/2022 07:05,323,-11741,-13933,P: 750 G: 50 - 500 Stgn: 25 Sel: Roulette Trny: 3 Mut: 0 MI: 0,1 Elit: 0 
01/06/2022 07:06,324,-12025,-13954,P: 750 G: 50 - 500 Stgn: 25 Sel: Roulette Trny: 3 Mut: 0 MI: 0,1 Elit: 0 
01/06/2022 07:07,325,-11669,-13975,P: 750 G: 50 - 500 Stgn: 25 Sel: Roulette Trny: 3 Mut: 0 MI: 0,1 Elit: 0 
01/06/2022 07:08,326,-11536,-13919,P: 750 G: 50 - 500 Stgn: 25 Sel: Roulette Trny: 3 Mut: 0 MI: 0,1 Elit: 0 
01/06/2022 07:09,327,-11311,-13895,P: 750 G: 50 - 500 Stgn: 25 Sel: Roulette Trny: 3 Mut: 0 MI: 0,1 Elit: 0 
01/06/2022 07:10,328,-11286,-13921,P: 750 G: 50 - 500 Stgn: 25 Sel: Roulette Trny: 3 Mut: 0 MI: 0,1 Elit: 0 
01/06/2022 07:12,329,-11158,-13949,P: 750 G: 50 - 500 Stgn: 25 Sel: Roulette Trny: 3 Mut: 0 MI: 0,1 Elit: 0 
01/06/2022 07:13,330,-11515,-13947,P: 750 G: 50 - 500 Stgn: 25 Sel: Roulette Trny: 3 Mut: 0 MI: 0,1 Elit: 0 
01/06/2022 07:14,331,-11635,-13957,P: 750 G: 50 - 500 Stgn: 25 Sel: Roulette Trny: 3 Mut: 0 MI: 0,1 Elit: 0 
01/06/2022 07:16,332,-11973,-13929,P: 750 G: 50 - 500 Stgn: 25 Sel: Roulette Trny: 3 Mut: 0 MI: 0,1 Elit: 0 
01/06/2022 07:18,333,-12234,-13909,P: 750 G: 50 - 500 Stgn: 25 Sel: Roulette Trny: 3 Mut: 0 MI: 0,1 Elit: 0 
01/06/2022 07:19,334,-11859,-13912,P: 750 G: 50 - 500 Stgn: 25 Sel: Roulette Trny: 3 Mut: 0 MI: 0,1 Elit: 0 
01/06/2022 07:21,335,-11699,-13891,P: 750 G: 50 - 500 Stgn: 25 Sel: Roulette Trny: 3 Mut: 0 MI: 0,1 Elit: 0 
01/06/2022 07:22,336,-11667,-13968,P: 750 G: 50 - 500 Stgn: 25 Sel: Roulette Trny: 3 Mut: 0 MI: 0,1 Elit: 0 
01/06/2022 07:24,337,-12105,-13963,P: 750 G: 50 - 500 Stgn: 25 Sel: Roulette Trny: 3 Mut: 0 MI: 0,1 Elit: 0 
01/06/2022 07:25,338,-11785,-13928,P: 750 G: 50 - 500 Stgn: 25 Sel: Roulette Trny: 3 Mut: 0 MI: 0,1 Elit: 0 
01/06/2022 07:27,339,-11955,-13882,P: 750 G: 50 - 500 Stgn: 25 Sel: Roulette Trny: 3 Mut: 0 MI: 0,1 Elit: 0 
01/06/2022 07:30,340,-11802,-13961,P: 750 G: 50 - 500 Stgn: 25 Sel: Roulette Trny: 3 Mut: 0 MI: 0,1 Elit: 0 
01/06/2022 07:32,341,-11858,-13928,P: 750 G: 50 - 500 Stgn: 25 Sel: Roulette Trny: 3 Mut: 0 MI: 0,1 Elit: 0 
01/06/2022 07:34,342,-11992,-13962,P: 750 G: 50 - 500 Stgn: 25 Sel: Roulette Trny: 3 Mut: 0 MI: 0,1 Elit: 0 
01/06/2022 07:37,343,-11653,-13927,P: 750 G: 50 - 500 Stgn: 25 Sel: Roulette Trny: 3 Mut: 0 MI: 0,1 Elit: 0 
01/06/2022 07:39,344,-11239,-13917,P: 750 G: 50 - 500 Stgn: 25 Sel: Roulette Trny: 3 Mut: 0 MI: 0,1 Elit: 0 
01/06/2022 07:41,345,-11894,-13959,P: 750 G: 50 - 500 Stgn: 25 Sel: Roulette Trny: 3 Mut: 0 MI: 0,1 Elit: 0 
01/06/2022 07:44,346,-11797,-13913,P: 750 G: 50 - 500 Stgn: 25 Sel: Roulette Trny: 3 Mut: 0 MI: 0,1 Elit: 0 
01/06/2022 07:46,347,-11904,-13885,P: 750 G: 50 - 500 Stgn: 25 Sel: Roulette Trny: 3 Mut: 0 MI: 0,1 Elit: 0 
01/06/2022 07:49,348,-11164,-13882,P: 750 G: 50 - 500 Stgn: 25 Sel: Roulette Trny: 3 Mut: 0 MI: 0,1 Elit: 0 
01/06/2022 07:51,349,-11943,-13927,P: 750 G: 50 - 500 Stgn: 25 Sel: Roulette Trny: 3 Mut: 0 MI: 0,1 Elit: 0 
01/06/2022 07:53,350,-11867,-13906,P: 750 G: 50 - 500 Stgn: 25 Sel: Roulette Trny: 3 Mut: 0 MI: 0,1 Elit: 0 
01/06/2022 07:55,351,-11380,-13903,P: 750 G: 50 - 500 Stgn: 25 Sel: Roulette Trny: 3 Mut: 0 MI: 0,1 Elit: 0 
01/06/2022 07:57,352,-11651,-13888,P: 750 G: 50 - 500 Stgn: 25 Sel: Roulette Trny: 3 Mut: 0 MI: 0,1 Elit: 0 
01/06/2022 08:00,353,-11982,-13891,P: 750 G: 50 - 500 Stgn: 25 Sel: Roulette Trny: 3 Mut: 0 MI: 0,1 Elit: 0 
01/06/2022 08:02,354,-12009,-13903,P: 750 G: 50 - 500 Stgn: 25 Sel: Roulette Trny: 3 Mut: 0 MI: 0,1 Elit: 0 
01/06/2022 08:04,355,-11441,-13860,P: 750 G: 50 - 500 Stgn: 25 Sel: Roulette Trny: 3 Mut: 0 MI: 0,1 Elit: 0 
01/06/2022 08:06,356,-11761,-13893,P: 750 G: 50 - 500 Stgn: 25 Sel: Roulette Trny: 3 Mut: 0 MI: 0,1 Elit: 0 
01/06/2022 08:08,357,-11967,-13946,P: 750 G: 50 - 500 Stgn: 25 Sel: Roulette Trny: 3 Mut: 0 MI: 0,1 Elit: 0 
01/06/2022 08:10,358,-11409,-13880,P: 750 G: 50 - 500 Stgn: 25 Sel: Roulette Trny: 3 Mut: 0 MI: 0,1 Elit: 0 
01/06/2022 08:12,359,-11521,-13882,P: 750 G: 50 - 500 Stgn: 25 Sel: Roulette Trny: 3 Mut: 0 MI: 0,1 Elit: 0 
01/06/2022 08:14,360,-12005,-13913,P: 750 G: 50 - 500 Stgn: 25 Sel: Roulette Trny: 3 Mut: 0 MI: 0,1 Elit: 0 
01/06/2022 08:17,361,-11136,-13852,P: 750 G: 50 - 500 Stgn: 25 Sel: Roulette Trny: 3 Mut: 0 MI: 0,1 Elit: 0 
01/06/2022 08:19,362,-11672,-13894,P: 750 G: 50 - 500 Stgn: 25 Sel: Roulette Trny: 3 Mut: 0 MI: 0,1 Elit: 0 
01/06/2022 08:21,363,-11925,-13875,P: 750 G: 50 - 500 Stgn: 25 Sel: Roulette Trny: 3 Mut: 0 MI: 0,1 Elit: 0 
01/06/2022 08:23,364,-11633,-13890,P: 750 G: 50 - 500 Stgn: 25 Sel: Roulette Trny: 3 Mut: 0 MI: 0,1 Elit: 0 
01/06/2022 08:25,365,-12152,-13902,P: 750 G: 50 - 500 Stgn: 25 Sel: Roulette Trny: 3 Mut: 0 MI: 0,1 Elit: 0 
01/06/2022 08:27,366,-11090,-13904,P: 750 G: 50 - 500 Stgn: 25 Sel: Roulette Trny: 3 Mut: 0 MI: 0,1 Elit: 0 
01/06/2022 08:30,367,-11536,-13913,P: 750 G: 50 - 500 Stgn: 25 Sel: Roulette Trny: 3 Mut: 0 MI: 0,1 Elit: 0 
01/06/2022 08:32,368,-11774,-13867,P: 750 G: 50 - 500 Stgn: 25 Sel: Roulette Trny: 3 Mut: 0 MI: 0,1 Elit: 0 
01/06/2022 08:33,369,-11521,-13889,P: 750 G: 50 - 500 Stgn: 25 Sel: Roulette Trny: 3 Mut: 0 MI: 0,1 Elit: 0 
01/06/2022 08:36,370,-11556,-13859,P: 750 G: 50 - 500 Stgn: 25 Sel: Roulette Trny: 3 Mut: 0 MI: 0,1 Elit: 0 
01/06/2022 08:38,371,-11731,-13883,P: 750 G: 50 - 500 Stgn: 25 Sel: Roulette Trny: 3 Mut: 0 MI: 0,1 Elit: 0 
01/06/2022 09:53,372,-11844,-13884,P: 750 G: 50 - 500 Stgn: 25 Sel: Roulette Trny: 3 Mut: 0 MI: 0,1 Elit: 0 
01/06/2022 09:54,373,-11937,-13865,P: 750 G: 50 - 500 Stgn: 25 Sel: Roulette Trny: 3 Mut: 0 MI: 0,1 Elit: 0 
01/06/2022 09:55,374,-11889,-13868,P: 750 G: 50 - 500 Stgn: 25 Sel: Roulette Trny: 3 Mut: 0 MI: 0,1 Elit: 0 
01/06/2022 09:56,375,-11924,-13892,P: 750 G: 50 - 500 Stgn: 25 Sel: Roulette Trny: 3 Mut: 0 MI: 0,1 Elit: 0 
01/06/2022 09:57,376,-11899,-13897,P: 750 G: 50 - 500 Stgn: 25 Sel: Roulette Trny: 3 Mut: 0 MI: 0,1 Elit: 0 
01/06/2022 09:59,377,-11828,-13887,P: 750 G: 50 - 500 Stgn: 25 Sel: Roulette Trny: 3 Mut: 0 MI: 0,1 Elit: 0 
01/06/2022 10:00,378,-11618,-13897,P: 750 G: 50 - 500 Stgn: 25 Sel: Roulette Trny: 3 Mut: 0 MI: 0,1 Elit: 0 
01/06/2022 10:01,379,-11585,-13846,P: 750 G: 50 - 500 Stgn: 25 Sel: Roulette Trny: 3 Mut: 0 MI: 0,1 Elit: 0 
01/06/2022 10:02,380,-11656,-13846,P: 750 G: 50 - 500 Stgn: 25 Sel: Roulette Trny: 3 Mut: 0 MI: 0,1 Elit: 0 
01/06/2022 10:03,381,-11718,-13871,P: 750 G: 50 - 500 Stgn: 25 Sel: Roulette Trny: 3 Mut: 0 MI: 0,1 Elit: 0 
01/06/2022 10:04,382,-11818,-13886,P: 750 G: 50 - 500 Stgn: 25 Sel: Roulette Trny: 3 Mut: 0 MI: 0,1 Elit: 0 
01/06/2022 10:05,383,-11457,-13894,P: 750 G: 50 - 500 Stgn: 25 Sel: Roulette Trny: 3 Mut: 0 MI: 0,1 Elit: 0 
01/06/2022 10:06,384,-11845,-13884,P: 750 G: 50 - 500 Stgn: 25 Sel: Roulette Trny: 3 Mut: 0 MI: 0,1 Elit: 0 
01/06/2022 10:08,385,-11640,-13878,P: 750 G: 50 - 500 Stgn: 25 Sel: Roulette Trny: 3 Mut: 0 MI: 0,1 Elit: 0 
01/06/2022 10:09,386,-11892,-13816,P: 750 G: 50 - 500 Stgn: 25 Sel: Roulette Trny: 3 Mut: 0 MI: 0,1 Elit: 0 
01/06/2022 10:10,387,-11921,-13865,P: 750 G: 50 - 500 Stgn: 25 Sel: Roulette Trny: 3 Mut: 0 MI: 0,1 Elit: 0 
01/06/2022 10:11,388,-11853,-13885,P: 750 G: 50 - 500 Stgn: 25 Sel: Roulette Trny: 3 Mut: 0 MI: 0,1 Elit: 0 
01/06/2022 10:13,389,-11638,-13919,P: 750 G: 50 - 500 Stgn: 25 Sel: Roulette Trny: 3 Mut: 0 MI: 0,1 Elit: 0 
01/06/2022 10:14,390,-11623,-13858,P: 750 G: 50 - 500 Stgn: 25 Sel: Roulette Trny: 3 Mut: 0 MI: 0,1 Elit: 0 
01/06/2022 10:15,391,-11476,-13873,P: 750 G: 50 - 500 Stgn: 25 Sel: Roulette Trny: 3 Mut: 0 MI: 0,1 Elit: 0 
01/06/2022 10:16,392,-11976,-13965,P: 750 G: 50 - 500 Stgn: 25 Sel: Roulette Trny: 3 Mut: 0 MI: 0,1 Elit: 0 
01/06/2022 10:17,393,-11649,-13885,P: 750 G: 50 - 500 Stgn: 25 Sel: Roulette Trny: 3 Mut: 0 MI: 0,1 Elit: 0 
01/06/2022 10:19,394,-11604,-13831,P: 750 G: 50 - 500 Stgn: 25 Sel: Roulette Trny: 3 Mut: 0 MI: 0,1 Elit: 0 
01/06/2022 10:20,395,-11614,-13910,P: 750 G: 50 - 500 Stgn: 25 Sel: Roulette Trny: 3 Mut: 0 MI: 0,1 Elit: 0 
01/06/2022 10:21,396,-11783,-13913,P: 750 G: 50 - 500 Stgn: 25 Sel: Roulette Trny: 3 Mut: 0 MI: 0,1 Elit: 0 
01/06/2022 10:22,397,-11919,-13929,P: 750 G: 50 - 500 Stgn: 25 Sel: Roulette Trny: 3 Mut: 0 MI: 0,1 Elit: 0 
01/06/2022 10:24,398,-11773,-13886,P: 750 G: 50 - 500 Stgn: 25 Sel: Roulette Trny: 3 Mut: 0 MI: 0,1 Elit: 0 
01/06/2022 10:25,399,-11626,-13870,P: 750 G: 50 - 500 Stgn: 25 Sel: Roulette Trny: 3 Mut: 0 MI: 0,1 Elit: 0 
01/06/2022 10:26,400,-11683,-13870,P: 750 G: 50 - 500 Stgn: 25 Sel: Roulette Trny: 3 Mut: 0 MI: 0,1 Elit: 0 
01/06/2022 10:27,401,-11276,-13873,P: 750 G: 50 - 500 Stgn: 25 Sel: Roulette Trny: 3 Mut: 0 MI: 0,1 Elit: 0 
01/06/2022 10:29,402,-11706,-13831,P: 750 G: 50 - 500 Stgn: 25 Sel: Roulette Trny: 3 Mut: 0 MI: 0,1 Elit: 0 
01/06/2022 10:30,403,-11474,-13847,P: 750 G: 50 - 500 Stgn: 25 Sel: Roulette Trny: 3 Mut: 0 MI: 0,1 Elit: 0 
01/06/2022 10:31,404,-11862,-13848,P: 750 G: 50 - 500 Stgn: 25 Sel: Roulette Trny: 3 Mut: 0 MI: 0,1 Elit: 0 
01/06/2022 10:33,405,-11592,-13892,P: 750 G: 50 - 500 Stgn: 25 Sel: Roulette Trny: 3 Mut: 0 MI: 0,1 Elit: 0 
01/06/2022 10:34,406,-11642,-13785,P: 750 G: 50 - 500 Stgn: 25 Sel: Roulette Trny: 3 Mut: 0 MI: 0,1 Elit: 0 
01/06/2022 10:35,407,-11685,-13826,P: 750 G: 50 - 500 Stgn: 25 Sel: Roulette Trny: 3 Mut: 0 MI: 0,1 Elit: 0 
01/06/2022 10:36,408,-11711,-13848,P: 750 G: 50 - 500 Stgn: 25 Sel: Roulette Trny: 3 Mut: 0 MI: 0,1 Elit: 0 
01/06/2022 10:38,409,-11907,-13857,P: 750 G: 50 - 500 Stgn: 25 Sel: Roulette Trny: 3 Mut: 0 MI: 0,1 Elit: 0 
01/06/2022 10:39,410,-11824,-13879,P: 750 G: 50 - 500 Stgn: 25 Sel: Roulette Trny: 3 Mut: 0 MI: 0,1 Elit: 0 
01/06/2022 10:40,411,-11512,-13868,P: 750 G: 50 - 500 Stgn: 25 Sel: Roulette Trny: 3 Mut: 0 MI: 0,1 Elit: 0 
01/06/2022 10:42,412,-11725,-13841,P: 750 G: 50 - 500 Stgn: 25 Sel: Roulette Trny: 3 Mut: 0 MI: 0,1 Elit: 0 
01/06/2022 10:43,413,-11668,-13880,P: 750 G: 50 - 500 Stgn: 25 Sel: Roulette Trny: 3 Mut: 0 MI: 0,1 Elit: 0 
01/06/2022 10:44,414,-11738,-13871,P: 750 G: 50 - 500 Stgn: 25 Sel: Roulette Trny: 3 Mut: 0 MI: 0,1 Elit: 0 
01/06/2022 10:45,415,-11848,-13876,P: 750 G: 50 - 500 Stgn: 25 Sel: Roulette Trny: 3 Mut: 0 MI: 0,1 Elit: 0 
01/06/2022 10:47,416,-11553,-13871,P: 750 G: 50 - 500 Stgn: 25 Sel: Roulette Trny: 3 Mut: 0 MI: 0,1 Elit: 0 
01/06/2022 10:48,417,-11400,-13825,P: 750 G: 50 - 500 Stgn: 25 Sel: Roulette Trny: 3 Mut: 0 MI: 0,1 Elit: 0 
01/06/2022 10:49,418,-11639,-13836,P: 750 G: 50 - 500 Stgn: 25 Sel: Roulette Trny: 3 Mut: 0 MI: 0,1 Elit: 0 
01/06/2022 10:51,419,-11472,-13849,P: 750 G: 50 - 500 Stgn: 25 Sel: Roulette Trny: 3 Mut: 0 MI: 0,1 Elit: 0 
01/06/2022 10:52,420,-11044,-13863,P: 750 G: 50 - 500 Stgn: 25 Sel: Roulette Trny: 3 Mut: 0 MI: 0,1 Elit: 0 
01/06/2022 10:53,421,-11860,-13864,P: 750 G: 50 - 500 Stgn: 25 Sel: Roulette Trny: 3 Mut: 0 MI: 0,1 Elit: 0 
01/06/2022 10:54,422,-11797,-13804,P: 750 G: 50 - 500 Stgn: 25 Sel: Roulette Trny: 3 Mut: 0 MI: 0,1 Elit: 0 
01/06/2022 10:56,423,-11862,-13880,P: 750 G: 50 - 500 Stgn: 25 Sel: Roulette Trny: 3 Mut: 0 MI: 0,1 Elit: 0 
01/06/2022 10:57,424,-11654,-13855,P: 750 G: 50 - 500 Stgn: 25 Sel: Roulette Trny: 3 Mut: 0 MI: 0,1 Elit: 0 
01/06/2022 10:58,425,-11421,-13847,P: 750 G: 50 - 500 Stgn: 25 Sel: Roulette Trny: 3 Mut: 0 MI: 0,1 Elit: 0 
01/06/2022 11:00,426,-11481,-13806,P: 750 G: 50 - 500 Stgn: 25 Sel: Roulette Trny: 3 Mut: 0 MI: 0,1 Elit: 0 
01/06/2022 11:01,427,-11711,-13820,P: 750 G: 50 - 500 Stgn: 25 Sel: Roulette Trny: 3 Mut: 0 MI: 0,1 Elit: 0 
01/06/2022 11:02,428,-11643,-13855,P: 750 G: 50 - 500 Stgn: 25 Sel: Roulette Trny: 3 Mut: 0 MI: 0,1 Elit: 0 
01/06/2022 11:03,429,-11796,-13882,P: 750 G: 50 - 500 Stgn: 25 Sel: Roulette Trny: 3 Mut: 0 MI: 0,1 Elit: 0 
01/06/2022 11:05,430,-11860,-13821,P: 750 G: 50 - 500 Stgn: 25 Sel: Roulette Trny: 3 Mut: 0 MI: 0,1 Elit: 0 
01/06/2022 11:06,431,-11468,-13857,P: 750 G: 50 - 500 Stgn: 25 Sel: Roulette Trny: 3 Mut: 0 MI: 0,1 Elit: 0 
