15/06/2022 01:45,0,-75417,-100956,P: 750 G: 50 - 1 Stgn: 25 Sel: Tourney Trny: 3 Mut: 0 MI: 0,1 Elit: 0 
15/06/2022 01:46,1,-71925,-93716,P: 750 G: 50 - 1 Stgn: 25 Sel: Tourney Trny: 3 Mut: 0 MI: 0,1 Elit: 0 
15/06/2022 01:55,0,-72860,-98579,P: 750 G: 50 - 500 Stgn: 25 Sel: Tourney Trny: 3 Mut: 0,4 MI: 0,1 Elit: 0 
15/06/2022 01:56,1,-72473,-91220,P: 750 G: 50 - 500 Stgn: 25 Sel: Tourney Trny: 3 Mut: 0,4 MI: 0,1 Elit: 0 
15/06/2022 01:58,2,-62559,-84850,P: 750 G: 50 - 500 Stgn: 25 Sel: Tourney Trny: 3 Mut: 0,4 MI: 0,1 Elit: 0 
15/06/2022 02:01,3,-61853,-79954,P: 750 G: 50 - 500 Stgn: 25 Sel: Tourney Trny: 3 Mut: 0,4 MI: 0,1 Elit: 0 
15/06/2022 02:03,4,-58574,-75016,P: 750 G: 50 - 500 Stgn: 25 Sel: Tourney Trny: 3 Mut: 0,4 MI: 0,1 Elit: 0 
15/06/2022 02:05,5,-52293,-70525,P: 750 G: 50 - 500 Stgn: 25 Sel: Tourney Trny: 3 Mut: 0,4 MI: 0,1 Elit: 0 
15/06/2022 02:07,6,-48722,-66600,P: 750 G: 50 - 500 Stgn: 25 Sel: Tourney Trny: 3 Mut: 0,4 MI: 0,1 Elit: 0 
15/06/2022 02:09,7,-47245,-63280,P: 750 G: 50 - 500 Stgn: 25 Sel: Tourney Trny: 3 Mut: 0,4 MI: 0,1 Elit: 0 
15/06/2022 02:11,8,-48073,-59764,P: 750 G: 50 - 500 Stgn: 25 Sel: Tourney Trny: 3 Mut: 0,4 MI: 0,1 Elit: 0 
15/06/2022 02:13,9,-42399,-56870,P: 750 G: 50 - 500 Stgn: 25 Sel: Tourney Trny: 3 Mut: 0,4 MI: 0,1 Elit: 0 
15/06/2022 02:14,10,-41613,-54233,P: 750 G: 50 - 500 Stgn: 25 Sel: Tourney Trny: 3 Mut: 0,4 MI: 0,1 Elit: 0 
15/06/2022 02:16,11,-35954,-52008,P: 750 G: 50 - 500 Stgn: 25 Sel: Tourney Trny: 3 Mut: 0,4 MI: 0,1 Elit: 0 
15/06/2022 02:18,12,-37333,-49528,P: 750 G: 50 - 500 Stgn: 25 Sel: Tourney Trny: 3 Mut: 0,4 MI: 0,1 Elit: 0 
15/06/2022 02:20,13,-37316,-47389,P: 750 G: 50 - 500 Stgn: 25 Sel: Tourney Trny: 3 Mut: 0,4 MI: 0,1 Elit: 0 
15/06/2022 02:22,14,-36301,-45263,P: 750 G: 50 - 500 Stgn: 25 Sel: Tourney Trny: 3 Mut: 0,4 MI: 0,1 Elit: 0 
15/06/2022 02:24,15,-34102,-43932,P: 750 G: 50 - 500 Stgn: 25 Sel: Tourney Trny: 3 Mut: 0,4 MI: 0,1 Elit: 0 
15/06/2022 02:26,16,-32286,-41848,P: 750 G: 50 - 500 Stgn: 25 Sel: Tourney Trny: 3 Mut: 0,4 MI: 0,1 Elit: 0 
15/06/2022 02:28,17,-31511,-40701,P: 750 G: 50 - 500 Stgn: 25 Sel: Tourney Trny: 3 Mut: 0,4 MI: 0,1 Elit: 0 
15/06/2022 02:30,18,-30896,-38781,P: 750 G: 50 - 500 Stgn: 25 Sel: Tourney Trny: 3 Mut: 0,4 MI: 0,1 Elit: 0 
15/06/2022 02:33,19,-29676,-38398,P: 750 G: 50 - 500 Stgn: 25 Sel: Tourney Trny: 3 Mut: 0,4 MI: 0,1 Elit: 0 
15/06/2022 02:35,20,-29761,-37509,P: 750 G: 50 - 500 Stgn: 25 Sel: Tourney Trny: 3 Mut: 0,4 MI: 0,1 Elit: 0 
15/06/2022 02:38,21,-28887,-36649,P: 750 G: 50 - 500 Stgn: 25 Sel: Tourney Trny: 3 Mut: 0,4 MI: 0,1 Elit: 0 
15/06/2022 02:40,22,-27671,-35762,P: 750 G: 50 - 500 Stgn: 25 Sel: Tourney Trny: 3 Mut: 0,4 MI: 0,1 Elit: 0 
15/06/2022 02:42,23,-26722,-34677,P: 750 G: 50 - 500 Stgn: 25 Sel: Tourney Trny: 3 Mut: 0,4 MI: 0,1 Elit: 0 
15/06/2022 02:44,24,-24095,-34031,P: 750 G: 50 - 500 Stgn: 25 Sel: Tourney Trny: 3 Mut: 0,4 MI: 0,1 Elit: 0 
15/06/2022 02:46,25,-23233,-33294,P: 750 G: 50 - 500 Stgn: 25 Sel: Tourney Trny: 3 Mut: 0,4 MI: 0,1 Elit: 0 
15/06/2022 02:48,26,-24542,-32353,P: 750 G: 50 - 500 Stgn: 25 Sel: Tourney Trny: 3 Mut: 0,4 MI: 0,1 Elit: 0 
15/06/2022 02:51,27,-24502,-31549,P: 750 G: 50 - 500 Stgn: 25 Sel: Tourney Trny: 3 Mut: 0,4 MI: 0,1 Elit: 0 
15/06/2022 02:53,28,-24224,-30823,P: 750 G: 50 - 500 Stgn: 25 Sel: Tourney Trny: 3 Mut: 0,4 MI: 0,1 Elit: 0 
15/06/2022 02:55,29,-23257,-30591,P: 750 G: 50 - 500 Stgn: 25 Sel: Tourney Trny: 3 Mut: 0,4 MI: 0,1 Elit: 0 
15/06/2022 02:57,30,-23499,-29570,P: 750 G: 50 - 500 Stgn: 25 Sel: Tourney Trny: 3 Mut: 0,4 MI: 0,1 Elit: 0 
15/06/2022 02:59,31,-22343,-29371,P: 750 G: 50 - 500 Stgn: 25 Sel: Tourney Trny: 3 Mut: 0,4 MI: 0,1 Elit: 0 
15/06/2022 03:01,32,-22344,-28714,P: 750 G: 50 - 500 Stgn: 25 Sel: Tourney Trny: 3 Mut: 0,4 MI: 0,1 Elit: 0 
15/06/2022 03:04,33,-22178,-28556,P: 750 G: 50 - 500 Stgn: 25 Sel: Tourney Trny: 3 Mut: 0,4 MI: 0,1 Elit: 0 
15/06/2022 03:06,34,-21418,-28347,P: 750 G: 50 - 500 Stgn: 25 Sel: Tourney Trny: 3 Mut: 0,4 MI: 0,1 Elit: 0 
15/06/2022 03:08,35,-21602,-27631,P: 750 G: 50 - 500 Stgn: 25 Sel: Tourney Trny: 3 Mut: 0,4 MI: 0,1 Elit: 0 
15/06/2022 03:10,36,-21026,-27201,P: 750 G: 50 - 500 Stgn: 25 Sel: Tourney Trny: 3 Mut: 0,4 MI: 0,1 Elit: 0 
15/06/2022 03:12,37,-20323,-27103,P: 750 G: 50 - 500 Stgn: 25 Sel: Tourney Trny: 3 Mut: 0,4 MI: 0,1 Elit: 0 
15/06/2022 03:15,38,-20806,-26405,P: 750 G: 50 - 500 Stgn: 25 Sel: Tourney Trny: 3 Mut: 0,4 MI: 0,1 Elit: 0 
15/06/2022 03:17,39,-19306,-26457,P: 750 G: 50 - 500 Stgn: 25 Sel: Tourney Trny: 3 Mut: 0,4 MI: 0,1 Elit: 0 
15/06/2022 03:19,40,-20350,-26346,P: 750 G: 50 - 500 Stgn: 25 Sel: Tourney Trny: 3 Mut: 0,4 MI: 0,1 Elit: 0 
15/06/2022 03:21,41,-19649,-25778,P: 750 G: 50 - 500 Stgn: 25 Sel: Tourney Trny: 3 Mut: 0,4 MI: 0,1 Elit: 0 
15/06/2022 03:23,42,-19575,-25384,P: 750 G: 50 - 500 Stgn: 25 Sel: Tourney Trny: 3 Mut: 0,4 MI: 0,1 Elit: 0 
15/06/2022 03:26,43,-18838,-25122,P: 750 G: 50 - 500 Stgn: 25 Sel: Tourney Trny: 3 Mut: 0,4 MI: 0,1 Elit: 0 
15/06/2022 03:28,44,-18583,-24874,P: 750 G: 50 - 500 Stgn: 25 Sel: Tourney Trny: 3 Mut: 0,4 MI: 0,1 Elit: 0 
15/06/2022 03:30,45,-19189,-24559,P: 750 G: 50 - 500 Stgn: 25 Sel: Tourney Trny: 3 Mut: 0,4 MI: 0,1 Elit: 0 
15/06/2022 03:33,46,-17454,-24537,P: 750 G: 50 - 500 Stgn: 25 Sel: Tourney Trny: 3 Mut: 0,4 MI: 0,1 Elit: 0 
15/06/2022 03:35,47,-17832,-24164,P: 750 G: 50 - 500 Stgn: 25 Sel: Tourney Trny: 3 Mut: 0,4 MI: 0,1 Elit: 0 
15/06/2022 03:37,48,-17533,-24115,P: 750 G: 50 - 500 Stgn: 25 Sel: Tourney Trny: 3 Mut: 0,4 MI: 0,1 Elit: 0 
15/06/2022 03:40,49,-17774,-24003,P: 750 G: 50 - 500 Stgn: 25 Sel: Tourney Trny: 3 Mut: 0,4 MI: 0,1 Elit: 0 
15/06/2022 03:42,50,-18310,-23753,P: 750 G: 50 - 500 Stgn: 25 Sel: Tourney Trny: 3 Mut: 0,4 MI: 0,1 Elit: 0 
15/06/2022 03:44,51,-18033,-23501,P: 750 G: 50 - 500 Stgn: 25 Sel: Tourney Trny: 3 Mut: 0,4 MI: 0,1 Elit: 0 
15/06/2022 03:46,52,-17762,-23120,P: 750 G: 50 - 500 Stgn: 25 Sel: Tourney Trny: 3 Mut: 0,4 MI: 0,1 Elit: 0 
15/06/2022 03:48,53,-17615,-23309,P: 750 G: 50 - 500 Stgn: 25 Sel: Tourney Trny: 3 Mut: 0,4 MI: 0,1 Elit: 0 
15/06/2022 03:51,54,-17826,-23054,P: 750 G: 50 - 500 Stgn: 25 Sel: Tourney Trny: 3 Mut: 0,4 MI: 0,1 Elit: 0 
15/06/2022 03:53,55,-17647,-22970,P: 750 G: 50 - 500 Stgn: 25 Sel: Tourney Trny: 3 Mut: 0,4 MI: 0,1 Elit: 0 
15/06/2022 03:55,56,-16928,-22822,P: 750 G: 50 - 500 Stgn: 25 Sel: Tourney Trny: 3 Mut: 0,4 MI: 0,1 Elit: 0 
15/06/2022 03:57,57,-16803,-22574,P: 750 G: 50 - 500 Stgn: 25 Sel: Tourney Trny: 3 Mut: 0,4 MI: 0,1 Elit: 0 
15/06/2022 04:00,58,-17187,-22579,P: 750 G: 50 - 500 Stgn: 25 Sel: Tourney Trny: 3 Mut: 0,4 MI: 0,1 Elit: 0 
15/06/2022 04:02,59,-16854,-22074,P: 750 G: 50 - 500 Stgn: 25 Sel: Tourney Trny: 3 Mut: 0,4 MI: 0,1 Elit: 0 
15/06/2022 04:04,60,-16605,-22510,P: 750 G: 50 - 500 Stgn: 25 Sel: Tourney Trny: 3 Mut: 0,4 MI: 0,1 Elit: 0 
15/06/2022 04:06,61,-16898,-22343,P: 750 G: 50 - 500 Stgn: 25 Sel: Tourney Trny: 3 Mut: 0,4 MI: 0,1 Elit: 0 
15/06/2022 04:09,62,-16691,-22102,P: 750 G: 50 - 500 Stgn: 25 Sel: Tourney Trny: 3 Mut: 0,4 MI: 0,1 Elit: 0 
15/06/2022 04:11,63,-16534,-22074,P: 750 G: 50 - 500 Stgn: 25 Sel: Tourney Trny: 3 Mut: 0,4 MI: 0,1 Elit: 0 
15/06/2022 04:13,64,-16617,-21995,P: 750 G: 50 - 500 Stgn: 25 Sel: Tourney Trny: 3 Mut: 0,4 MI: 0,1 Elit: 0 
15/06/2022 04:15,65,-16356,-22073,P: 750 G: 50 - 500 Stgn: 25 Sel: Tourney Trny: 3 Mut: 0,4 MI: 0,1 Elit: 0 
15/06/2022 04:18,66,-16440,-22140,P: 750 G: 50 - 500 Stgn: 25 Sel: Tourney Trny: 3 Mut: 0,4 MI: 0,1 Elit: 0 
15/06/2022 04:20,67,-16294,-21838,P: 750 G: 50 - 500 Stgn: 25 Sel: Tourney Trny: 3 Mut: 0,4 MI: 0,1 Elit: 0 
15/06/2022 04:22,68,-16259,-21404,P: 750 G: 50 - 500 Stgn: 25 Sel: Tourney Trny: 3 Mut: 0,4 MI: 0,1 Elit: 0 
15/06/2022 04:24,69,-16068,-21360,P: 750 G: 50 - 500 Stgn: 25 Sel: Tourney Trny: 3 Mut: 0,4 MI: 0,1 Elit: 0 
15/06/2022 04:26,70,-16089,-21320,P: 750 G: 50 - 500 Stgn: 25 Sel: Tourney Trny: 3 Mut: 0,4 MI: 0,1 Elit: 0 
15/06/2022 04:29,71,-16186,-21252,P: 750 G: 50 - 500 Stgn: 25 Sel: Tourney Trny: 3 Mut: 0,4 MI: 0,1 Elit: 0 
15/06/2022 04:31,72,-16219,-21188,P: 750 G: 50 - 500 Stgn: 25 Sel: Tourney Trny: 3 Mut: 0,4 MI: 0,1 Elit: 0 
15/06/2022 04:33,73,-15852,-21229,P: 750 G: 50 - 500 Stgn: 25 Sel: Tourney Trny: 3 Mut: 0,4 MI: 0,1 Elit: 0 
15/06/2022 04:35,74,-16001,-20999,P: 750 G: 50 - 500 Stgn: 25 Sel: Tourney Trny: 3 Mut: 0,4 MI: 0,1 Elit: 0 
15/06/2022 04:38,75,-15100,-21131,P: 750 G: 50 - 500 Stgn: 25 Sel: Tourney Trny: 3 Mut: 0,4 MI: 0,1 Elit: 0 
15/06/2022 04:40,76,-15623,-20881,P: 750 G: 50 - 500 Stgn: 25 Sel: Tourney Trny: 3 Mut: 0,4 MI: 0,1 Elit: 0 
15/06/2022 04:42,77,-15601,-21233,P: 750 G: 50 - 500 Stgn: 25 Sel: Tourney Trny: 3 Mut: 0,4 MI: 0,1 Elit: 0 
15/06/2022 04:45,78,-15321,-21142,P: 750 G: 50 - 500 Stgn: 25 Sel: Tourney Trny: 3 Mut: 0,4 MI: 0,1 Elit: 0 
15/06/2022 04:47,79,-15594,-20617,P: 750 G: 50 - 500 Stgn: 25 Sel: Tourney Trny: 3 Mut: 0,4 MI: 0,1 Elit: 0 
15/06/2022 04:49,80,-15855,-20819,P: 750 G: 50 - 500 Stgn: 25 Sel: Tourney Trny: 3 Mut: 0,4 MI: 0,1 Elit: 0 
15/06/2022 04:52,81,-15148,-20608,P: 750 G: 50 - 500 Stgn: 25 Sel: Tourney Trny: 3 Mut: 0,4 MI: 0,1 Elit: 0 
15/06/2022 04:54,82,-15147,-20397,P: 750 G: 50 - 500 Stgn: 25 Sel: Tourney Trny: 3 Mut: 0,4 MI: 0,1 Elit: 0 
15/06/2022 04:56,83,-15484,-20422,P: 750 G: 50 - 500 Stgn: 25 Sel: Tourney Trny: 3 Mut: 0,4 MI: 0,1 Elit: 0 
15/06/2022 04:58,84,-15055,-20295,P: 750 G: 50 - 500 Stgn: 25 Sel: Tourney Trny: 3 Mut: 0,4 MI: 0,1 Elit: 0 
15/06/2022 05:01,85,-15256,-20452,P: 750 G: 50 - 500 Stgn: 25 Sel: Tourney Trny: 3 Mut: 0,4 MI: 0,1 Elit: 0 
15/06/2022 05:03,86,-15325,-20522,P: 750 G: 50 - 500 Stgn: 25 Sel: Tourney Trny: 3 Mut: 0,4 MI: 0,1 Elit: 0 
15/06/2022 05:05,87,-14940,-20706,P: 750 G: 50 - 500 Stgn: 25 Sel: Tourney Trny: 3 Mut: 0,4 MI: 0,1 Elit: 0 
15/06/2022 05:08,88,-15060,-20177,P: 750 G: 50 - 500 Stgn: 25 Sel: Tourney Trny: 3 Mut: 0,4 MI: 0,1 Elit: 0 
15/06/2022 05:10,89,-14938,-20345,P: 750 G: 50 - 500 Stgn: 25 Sel: Tourney Trny: 3 Mut: 0,4 MI: 0,1 Elit: 0 
15/06/2022 05:12,90,-14743,-20171,P: 750 G: 50 - 500 Stgn: 25 Sel: Tourney Trny: 3 Mut: 0,4 MI: 0,1 Elit: 0 
15/06/2022 05:14,91,-14940,-20165,P: 750 G: 50 - 500 Stgn: 25 Sel: Tourney Trny: 3 Mut: 0,4 MI: 0,1 Elit: 0 
15/06/2022 05:17,92,-14660,-20322,P: 750 G: 50 - 500 Stgn: 25 Sel: Tourney Trny: 3 Mut: 0,4 MI: 0,1 Elit: 0 
15/06/2022 05:19,93,-14835,-20256,P: 750 G: 50 - 500 Stgn: 25 Sel: Tourney Trny: 3 Mut: 0,4 MI: 0,1 Elit: 0 
15/06/2022 05:21,94,-14528,-19963,P: 750 G: 50 - 500 Stgn: 25 Sel: Tourney Trny: 3 Mut: 0,4 MI: 0,1 Elit: 0 
15/06/2022 05:24,95,-15064,-20052,P: 750 G: 50 - 500 Stgn: 25 Sel: Tourney Trny: 3 Mut: 0,4 MI: 0,1 Elit: 0 
15/06/2022 05:26,96,-14983,-20068,P: 750 G: 50 - 500 Stgn: 25 Sel: Tourney Trny: 3 Mut: 0,4 MI: 0,1 Elit: 0 
15/06/2022 05:28,97,-14742,-19833,P: 750 G: 50 - 500 Stgn: 25 Sel: Tourney Trny: 3 Mut: 0,4 MI: 0,1 Elit: 0 
15/06/2022 05:31,98,-14748,-19716,P: 750 G: 50 - 500 Stgn: 25 Sel: Tourney Trny: 3 Mut: 0,4 MI: 0,1 Elit: 0 
15/06/2022 05:33,99,-14747,-19882,P: 750 G: 50 - 500 Stgn: 25 Sel: Tourney Trny: 3 Mut: 0,4 MI: 0,1 Elit: 0 
15/06/2022 05:35,100,-14466,-19669,P: 750 G: 50 - 500 Stgn: 25 Sel: Tourney Trny: 3 Mut: 0,4 MI: 0,1 Elit: 0 
15/06/2022 05:37,101,-14531,-19744,P: 750 G: 50 - 500 Stgn: 25 Sel: Tourney Trny: 3 Mut: 0,4 MI: 0,1 Elit: 0 
15/06/2022 05:40,102,-14373,-19386,P: 750 G: 50 - 500 Stgn: 25 Sel: Tourney Trny: 3 Mut: 0,4 MI: 0,1 Elit: 0 
15/06/2022 05:42,103,-14574,-19538,P: 750 G: 50 - 500 Stgn: 25 Sel: Tourney Trny: 3 Mut: 0,4 MI: 0,1 Elit: 0 
15/06/2022 05:44,104,-14290,-19661,P: 750 G: 50 - 500 Stgn: 25 Sel: Tourney Trny: 3 Mut: 0,4 MI: 0,1 Elit: 0 
15/06/2022 05:47,105,-13974,-19511,P: 750 G: 50 - 500 Stgn: 25 Sel: Tourney Trny: 3 Mut: 0,4 MI: 0,1 Elit: 0 
15/06/2022 05:49,106,-14030,-19581,P: 750 G: 50 - 500 Stgn: 25 Sel: Tourney Trny: 3 Mut: 0,4 MI: 0,1 Elit: 0 
15/06/2022 05:51,107,-14698,-19593,P: 750 G: 50 - 500 Stgn: 25 Sel: Tourney Trny: 3 Mut: 0,4 MI: 0,1 Elit: 0 
15/06/2022 05:54,108,-14189,-19283,P: 750 G: 50 - 500 Stgn: 25 Sel: Tourney Trny: 3 Mut: 0,4 MI: 0,1 Elit: 0 
15/06/2022 05:56,109,-14411,-19361,P: 750 G: 50 - 500 Stgn: 25 Sel: Tourney Trny: 3 Mut: 0,4 MI: 0,1 Elit: 0 
15/06/2022 05:58,110,-14411,-19424,P: 750 G: 50 - 500 Stgn: 25 Sel: Tourney Trny: 3 Mut: 0,4 MI: 0,1 Elit: 0 
15/06/2022 06:01,111,-14435,-19594,P: 750 G: 50 - 500 Stgn: 25 Sel: Tourney Trny: 3 Mut: 0,4 MI: 0,1 Elit: 0 
15/06/2022 06:03,112,-14250,-19664,P: 750 G: 50 - 500 Stgn: 25 Sel: Tourney Trny: 3 Mut: 0,4 MI: 0,1 Elit: 0 
15/06/2022 06:05,113,-14133,-19358,P: 750 G: 50 - 500 Stgn: 25 Sel: Tourney Trny: 3 Mut: 0,4 MI: 0,1 Elit: 0 
15/06/2022 06:08,114,-14627,-19591,P: 750 G: 50 - 500 Stgn: 25 Sel: Tourney Trny: 3 Mut: 0,4 MI: 0,1 Elit: 0 
15/06/2022 06:10,115,-14145,-19515,P: 750 G: 50 - 500 Stgn: 25 Sel: Tourney Trny: 3 Mut: 0,4 MI: 0,1 Elit: 0 
15/06/2022 06:12,116,-14250,-19427,P: 750 G: 50 - 500 Stgn: 25 Sel: Tourney Trny: 3 Mut: 0,4 MI: 0,1 Elit: 0 
15/06/2022 06:15,117,-14189,-19368,P: 750 G: 50 - 500 Stgn: 25 Sel: Tourney Trny: 3 Mut: 0,4 MI: 0,1 Elit: 0 
15/06/2022 06:17,118,-13656,-19251,P: 750 G: 50 - 500 Stgn: 25 Sel: Tourney Trny: 3 Mut: 0,4 MI: 0,1 Elit: 0 
15/06/2022 06:19,119,-13929,-19282,P: 750 G: 50 - 500 Stgn: 25 Sel: Tourney Trny: 3 Mut: 0,4 MI: 0,1 Elit: 0 
15/06/2022 06:22,120,-13960,-19250,P: 750 G: 50 - 500 Stgn: 25 Sel: Tourney Trny: 3 Mut: 0,4 MI: 0,1 Elit: 0 
15/06/2022 06:24,121,-14028,-19809,P: 750 G: 50 - 500 Stgn: 25 Sel: Tourney Trny: 3 Mut: 0,4 MI: 0,1 Elit: 0 
15/06/2022 06:26,122,-13703,-19702,P: 750 G: 50 - 500 Stgn: 25 Sel: Tourney Trny: 3 Mut: 0,4 MI: 0,1 Elit: 0 
15/06/2022 06:29,123,-13681,-19246,P: 750 G: 50 - 500 Stgn: 25 Sel: Tourney Trny: 3 Mut: 0,4 MI: 0,1 Elit: 0 
15/06/2022 06:31,124,-13627,-19012,P: 750 G: 50 - 500 Stgn: 25 Sel: Tourney Trny: 3 Mut: 0,4 MI: 0,1 Elit: 0 
15/06/2022 06:33,125,-13879,-19572,P: 750 G: 50 - 500 Stgn: 25 Sel: Tourney Trny: 3 Mut: 0,4 MI: 0,1 Elit: 0 
15/06/2022 06:36,126,-13716,-19340,P: 750 G: 50 - 500 Stgn: 25 Sel: Tourney Trny: 3 Mut: 0,4 MI: 0,1 Elit: 0 
15/06/2022 06:39,127,-13733,-19671,P: 750 G: 50 - 500 Stgn: 25 Sel: Tourney Trny: 3 Mut: 0,4 MI: 0,1 Elit: 0 
15/06/2022 06:42,128,-13111,-19118,P: 750 G: 50 - 500 Stgn: 25 Sel: Tourney Trny: 3 Mut: 0,4 MI: 0,1 Elit: 0 
15/06/2022 06:45,129,-14184,-19128,P: 750 G: 50 - 500 Stgn: 25 Sel: Tourney Trny: 3 Mut: 0,4 MI: 0,1 Elit: 0 
15/06/2022 06:49,130,-13791,-18968,P: 750 G: 50 - 500 Stgn: 25 Sel: Tourney Trny: 3 Mut: 0,4 MI: 0,1 Elit: 0 
15/06/2022 06:52,131,-14167,-18986,P: 750 G: 50 - 500 Stgn: 25 Sel: Tourney Trny: 3 Mut: 0,4 MI: 0,1 Elit: 0 
15/06/2022 06:55,132,-13523,-18776,P: 750 G: 50 - 500 Stgn: 25 Sel: Tourney Trny: 3 Mut: 0,4 MI: 0,1 Elit: 0 
15/06/2022 06:57,133,-13674,-18850,P: 750 G: 50 - 500 Stgn: 25 Sel: Tourney Trny: 3 Mut: 0,4 MI: 0,1 Elit: 0 
15/06/2022 07:00,134,-13693,-18900,P: 750 G: 50 - 500 Stgn: 25 Sel: Tourney Trny: 3 Mut: 0,4 MI: 0,1 Elit: 0 
15/06/2022 07:03,135,-13684,-18971,P: 750 G: 50 - 500 Stgn: 25 Sel: Tourney Trny: 3 Mut: 0,4 MI: 0,1 Elit: 0 
15/06/2022 07:06,136,-12948,-19071,P: 750 G: 50 - 500 Stgn: 25 Sel: Tourney Trny: 3 Mut: 0,4 MI: 0,1 Elit: 0 
15/06/2022 07:09,137,-13729,-18970,P: 750 G: 50 - 500 Stgn: 25 Sel: Tourney Trny: 3 Mut: 0,4 MI: 0,1 Elit: 0 
15/06/2022 07:13,138,-13525,-18890,P: 750 G: 50 - 500 Stgn: 25 Sel: Tourney Trny: 3 Mut: 0,4 MI: 0,1 Elit: 0 
15/06/2022 07:16,139,-13387,-18826,P: 750 G: 50 - 500 Stgn: 25 Sel: Tourney Trny: 3 Mut: 0,4 MI: 0,1 Elit: 0 
15/06/2022 07:20,140,-13333,-19095,P: 750 G: 50 - 500 Stgn: 25 Sel: Tourney Trny: 3 Mut: 0,4 MI: 0,1 Elit: 0 
15/06/2022 07:22,141,-13418,-18839,P: 750 G: 50 - 500 Stgn: 25 Sel: Tourney Trny: 3 Mut: 0,4 MI: 0,1 Elit: 0 
15/06/2022 07:25,142,-12759,-18767,P: 750 G: 50 - 500 Stgn: 25 Sel: Tourney Trny: 3 Mut: 0,4 MI: 0,1 Elit: 0 
15/06/2022 07:27,143,-13333,-18806,P: 750 G: 50 - 500 Stgn: 25 Sel: Tourney Trny: 3 Mut: 0,4 MI: 0,1 Elit: 0 
15/06/2022 07:29,144,-13219,-18538,P: 750 G: 50 - 500 Stgn: 25 Sel: Tourney Trny: 3 Mut: 0,4 MI: 0,1 Elit: 0 
15/06/2022 07:32,145,-13370,-18475,P: 750 G: 50 - 500 Stgn: 25 Sel: Tourney Trny: 3 Mut: 0,4 MI: 0,1 Elit: 0 
15/06/2022 07:34,146,-13714,-18540,P: 750 G: 50 - 500 Stgn: 25 Sel: Tourney Trny: 3 Mut: 0,4 MI: 0,1 Elit: 0 
15/06/2022 07:36,147,-13519,-18545,P: 750 G: 50 - 500 Stgn: 25 Sel: Tourney Trny: 3 Mut: 0,4 MI: 0,1 Elit: 0 
15/06/2022 07:38,148,-13163,-18692,P: 750 G: 50 - 500 Stgn: 25 Sel: Tourney Trny: 3 Mut: 0,4 MI: 0,1 Elit: 0 
15/06/2022 07:41,149,-13498,-18845,P: 750 G: 50 - 500 Stgn: 25 Sel: Tourney Trny: 3 Mut: 0,4 MI: 0,1 Elit: 0 
15/06/2022 07:43,150,-14008,-18429,P: 750 G: 50 - 500 Stgn: 25 Sel: Tourney Trny: 3 Mut: 0,4 MI: 0,1 Elit: 0 
15/06/2022 07:45,151,-13478,-18661,P: 750 G: 50 - 500 Stgn: 25 Sel: Tourney Trny: 3 Mut: 0,4 MI: 0,1 Elit: 0 
15/06/2022 07:48,152,-13235,-18625,P: 750 G: 50 - 500 Stgn: 25 Sel: Tourney Trny: 3 Mut: 0,4 MI: 0,1 Elit: 0 
15/06/2022 07:50,153,-12737,-18767,P: 750 G: 50 - 500 Stgn: 25 Sel: Tourney Trny: 3 Mut: 0,4 MI: 0,1 Elit: 0 
15/06/2022 07:52,154,-13427,-18934,P: 750 G: 50 - 500 Stgn: 25 Sel: Tourney Trny: 3 Mut: 0,4 MI: 0,1 Elit: 0 
15/06/2022 07:54,155,-13184,-18591,P: 750 G: 50 - 500 Stgn: 25 Sel: Tourney Trny: 3 Mut: 0,4 MI: 0,1 Elit: 0 
15/06/2022 07:57,156,-13563,-18844,P: 750 G: 50 - 500 Stgn: 25 Sel: Tourney Trny: 3 Mut: 0,4 MI: 0,1 Elit: 0 
15/06/2022 07:59,157,-13876,-18639,P: 750 G: 50 - 500 Stgn: 25 Sel: Tourney Trny: 3 Mut: 0,4 MI: 0,1 Elit: 0 
15/06/2022 08:01,158,-13326,-18942,P: 750 G: 50 - 500 Stgn: 25 Sel: Tourney Trny: 3 Mut: 0,4 MI: 0,1 Elit: 0 
15/06/2022 08:04,159,-13709,-18595,P: 750 G: 50 - 500 Stgn: 25 Sel: Tourney Trny: 3 Mut: 0,4 MI: 0,1 Elit: 0 
15/06/2022 08:06,160,-13610,-18724,P: 750 G: 50 - 500 Stgn: 25 Sel: Tourney Trny: 3 Mut: 0,4 MI: 0,1 Elit: 0 
15/06/2022 08:08,161,-13515,-18500,P: 750 G: 50 - 500 Stgn: 25 Sel: Tourney Trny: 3 Mut: 0,4 MI: 0,1 Elit: 0 
15/06/2022 08:11,162,-13602,-18463,P: 750 G: 50 - 500 Stgn: 25 Sel: Tourney Trny: 3 Mut: 0,4 MI: 0,1 Elit: 0 
15/06/2022 08:13,163,-13354,-18382,P: 750 G: 50 - 500 Stgn: 25 Sel: Tourney Trny: 3 Mut: 0,4 MI: 0,1 Elit: 0 
15/06/2022 08:15,164,-13486,-18461,P: 750 G: 50 - 500 Stgn: 25 Sel: Tourney Trny: 3 Mut: 0,4 MI: 0,1 Elit: 0 
15/06/2022 08:18,165,-12749,-18339,P: 750 G: 50 - 500 Stgn: 25 Sel: Tourney Trny: 3 Mut: 0,4 MI: 0,1 Elit: 0 
15/06/2022 08:20,166,-13155,-18507,P: 750 G: 50 - 500 Stgn: 25 Sel: Tourney Trny: 3 Mut: 0,4 MI: 0,1 Elit: 0 
15/06/2022 08:22,167,-13093,-18244,P: 750 G: 50 - 500 Stgn: 25 Sel: Tourney Trny: 3 Mut: 0,4 MI: 0,1 Elit: 0 
15/06/2022 08:24,168,-13238,-18442,P: 750 G: 50 - 500 Stgn: 25 Sel: Tourney Trny: 3 Mut: 0,4 MI: 0,1 Elit: 0 
15/06/2022 08:27,169,-12276,-18485,P: 750 G: 50 - 500 Stgn: 25 Sel: Tourney Trny: 3 Mut: 0,4 MI: 0,1 Elit: 0 
15/06/2022 08:29,170,-12917,-18222,P: 750 G: 50 - 500 Stgn: 25 Sel: Tourney Trny: 3 Mut: 0,4 MI: 0,1 Elit: 0 
15/06/2022 08:31,171,-12592,-18110,P: 750 G: 50 - 500 Stgn: 25 Sel: Tourney Trny: 3 Mut: 0,4 MI: 0,1 Elit: 0 
15/06/2022 08:34,172,-13484,-18509,P: 750 G: 50 - 500 Stgn: 25 Sel: Tourney Trny: 3 Mut: 0,4 MI: 0,1 Elit: 0 
15/06/2022 08:36,173,-13410,-18471,P: 750 G: 50 - 500 Stgn: 25 Sel: Tourney Trny: 3 Mut: 0,4 MI: 0,1 Elit: 0 
15/06/2022 08:38,174,-13235,-18767,P: 750 G: 50 - 500 Stgn: 25 Sel: Tourney Trny: 3 Mut: 0,4 MI: 0,1 Elit: 0 
15/06/2022 08:41,175,-13122,-18431,P: 750 G: 50 - 500 Stgn: 25 Sel: Tourney Trny: 3 Mut: 0,4 MI: 0,1 Elit: 0 
15/06/2022 08:43,176,-12641,-18366,P: 750 G: 50 - 500 Stgn: 25 Sel: Tourney Trny: 3 Mut: 0,4 MI: 0,1 Elit: 0 
15/06/2022 08:45,177,-12866,-18530,P: 750 G: 50 - 500 Stgn: 25 Sel: Tourney Trny: 3 Mut: 0,4 MI: 0,1 Elit: 0 
15/06/2022 08:48,178,-13246,-18005,P: 750 G: 50 - 500 Stgn: 25 Sel: Tourney Trny: 3 Mut: 0,4 MI: 0,1 Elit: 0 
15/06/2022 08:50,179,-12820,-18222,P: 750 G: 50 - 500 Stgn: 25 Sel: Tourney Trny: 3 Mut: 0,4 MI: 0,1 Elit: 0 
15/06/2022 08:52,180,-12932,-18136,P: 750 G: 50 - 500 Stgn: 25 Sel: Tourney Trny: 3 Mut: 0,4 MI: 0,1 Elit: 0 
15/06/2022 08:55,181,-13127,-18440,P: 750 G: 50 - 500 Stgn: 25 Sel: Tourney Trny: 3 Mut: 0,4 MI: 0,1 Elit: 0 
15/06/2022 08:57,182,-12597,-18498,P: 750 G: 50 - 500 Stgn: 25 Sel: Tourney Trny: 3 Mut: 0,4 MI: 0,1 Elit: 0 
15/06/2022 08:59,183,-12768,-18078,P: 750 G: 50 - 500 Stgn: 25 Sel: Tourney Trny: 3 Mut: 0,4 MI: 0,1 Elit: 0 
15/06/2022 09:02,184,-12844,-18240,P: 750 G: 50 - 500 Stgn: 25 Sel: Tourney Trny: 3 Mut: 0,4 MI: 0,1 Elit: 0 
15/06/2022 09:04,185,-12479,-18092,P: 750 G: 50 - 500 Stgn: 25 Sel: Tourney Trny: 3 Mut: 0,4 MI: 0,1 Elit: 0 
15/06/2022 09:06,186,-13409,-18305,P: 750 G: 50 - 500 Stgn: 25 Sel: Tourney Trny: 3 Mut: 0,4 MI: 0,1 Elit: 0 
15/06/2022 09:09,187,-13025,-18336,P: 750 G: 50 - 500 Stgn: 25 Sel: Tourney Trny: 3 Mut: 0,4 MI: 0,1 Elit: 0 
15/06/2022 09:11,188,-13210,-17920,P: 750 G: 50 - 500 Stgn: 25 Sel: Tourney Trny: 3 Mut: 0,4 MI: 0,1 Elit: 0 
15/06/2022 09:13,189,-13232,-18477,P: 750 G: 50 - 500 Stgn: 25 Sel: Tourney Trny: 3 Mut: 0,4 MI: 0,1 Elit: 0 
15/06/2022 09:15,190,-12903,-18236,P: 750 G: 50 - 500 Stgn: 25 Sel: Tourney Trny: 3 Mut: 0,4 MI: 0,1 Elit: 0 
15/06/2022 09:18,191,-12086,-18323,P: 750 G: 50 - 500 Stgn: 25 Sel: Tourney Trny: 3 Mut: 0,4 MI: 0,1 Elit: 0 
15/06/2022 09:20,192,-12928,-18152,P: 750 G: 50 - 500 Stgn: 25 Sel: Tourney Trny: 3 Mut: 0,4 MI: 0,1 Elit: 0 
15/06/2022 09:21,193,-12918,-18321,P: 750 G: 50 - 500 Stgn: 25 Sel: Tourney Trny: 3 Mut: 0,4 MI: 0,1 Elit: 0 
15/06/2022 09:23,194,-13232,-18275,P: 750 G: 50 - 500 Stgn: 25 Sel: Tourney Trny: 3 Mut: 0,4 MI: 0,1 Elit: 0 
15/06/2022 09:25,195,-13289,-18233,P: 750 G: 50 - 500 Stgn: 25 Sel: Tourney Trny: 3 Mut: 0,4 MI: 0,1 Elit: 0 
15/06/2022 09:26,196,-12502,-18225,P: 750 G: 50 - 500 Stgn: 25 Sel: Tourney Trny: 3 Mut: 0,4 MI: 0,1 Elit: 0 
15/06/2022 09:28,197,-12440,-18141,P: 750 G: 50 - 500 Stgn: 25 Sel: Tourney Trny: 3 Mut: 0,4 MI: 0,1 Elit: 0 
15/06/2022 09:30,198,-12778,-18011,P: 750 G: 50 - 500 Stgn: 25 Sel: Tourney Trny: 3 Mut: 0,4 MI: 0,1 Elit: 0 
15/06/2022 09:31,199,-12717,-18196,P: 750 G: 50 - 500 Stgn: 25 Sel: Tourney Trny: 3 Mut: 0,4 MI: 0,1 Elit: 0 
15/06/2022 09:33,200,-12725,-18020,P: 750 G: 50 - 500 Stgn: 25 Sel: Tourney Trny: 3 Mut: 0,4 MI: 0,1 Elit: 0 
15/06/2022 09:35,201,-12385,-18263,P: 750 G: 50 - 500 Stgn: 25 Sel: Tourney Trny: 3 Mut: 0,4 MI: 0,1 Elit: 0 
15/06/2022 09:36,202,-13080,-18433,P: 750 G: 50 - 500 Stgn: 25 Sel: Tourney Trny: 3 Mut: 0,4 MI: 0,1 Elit: 0 
15/06/2022 09:38,203,-12487,-18337,P: 750 G: 50 - 500 Stgn: 25 Sel: Tourney Trny: 3 Mut: 0,4 MI: 0,1 Elit: 0 
15/06/2022 09:40,204,-12723,-18361,P: 750 G: 50 - 500 Stgn: 25 Sel: Tourney Trny: 3 Mut: 0,4 MI: 0,1 Elit: 0 
15/06/2022 09:41,205,-13306,-17953,P: 750 G: 50 - 500 Stgn: 25 Sel: Tourney Trny: 3 Mut: 0,4 MI: 0,1 Elit: 0 
15/06/2022 09:43,206,-12653,-18141,P: 750 G: 50 - 500 Stgn: 25 Sel: Tourney Trny: 3 Mut: 0,4 MI: 0,1 Elit: 0 
15/06/2022 09:45,207,-13254,-18317,P: 750 G: 50 - 500 Stgn: 25 Sel: Tourney Trny: 3 Mut: 0,4 MI: 0,1 Elit: 0 
15/06/2022 09:46,208,-13212,-18070,P: 750 G: 50 - 500 Stgn: 25 Sel: Tourney Trny: 3 Mut: 0,4 MI: 0,1 Elit: 0 
15/06/2022 09:48,209,-12977,-18103,P: 750 G: 50 - 500 Stgn: 25 Sel: Tourney Trny: 3 Mut: 0,4 MI: 0,1 Elit: 0 
15/06/2022 09:50,210,-12625,-18306,P: 750 G: 50 - 500 Stgn: 25 Sel: Tourney Trny: 3 Mut: 0,4 MI: 0,1 Elit: 0 
15/06/2022 09:54,211,-13054,-18035,P: 750 G: 50 - 500 Stgn: 25 Sel: Tourney Trny: 3 Mut: 0,4 MI: 0,1 Elit: 0 
15/06/2022 09:57,212,-12804,-17993,P: 750 G: 50 - 500 Stgn: 25 Sel: Tourney Trny: 3 Mut: 0,4 MI: 0,1 Elit: 0 
15/06/2022 09:59,213,-12550,-18156,P: 750 G: 50 - 500 Stgn: 25 Sel: Tourney Trny: 3 Mut: 0,4 MI: 0,1 Elit: 0 
15/06/2022 10:01,214,-12921,-18016,P: 750 G: 50 - 500 Stgn: 25 Sel: Tourney Trny: 3 Mut: 0,4 MI: 0,1 Elit: 0 
15/06/2022 10:04,215,-12800,-18167,P: 750 G: 50 - 500 Stgn: 25 Sel: Tourney Trny: 3 Mut: 0,4 MI: 0,1 Elit: 0 
15/06/2022 10:06,216,-12536,-18048,P: 750 G: 50 - 500 Stgn: 25 Sel: Tourney Trny: 3 Mut: 0,4 MI: 0,1 Elit: 0 
