5/30/2022 23:58,0,-75013,-99360,P: 750 G: 50 - 500 Stgn: 25 Sel: Tourney Trny: 3 Mut: 0 MI: 0.1 Elit: 0 
5/31/2022 0:00,1,-72560,-91278,P: 750 G: 50 - 500 Stgn: 25 Sel: Tourney Trny: 3 Mut: 0 MI: 0.1 Elit: 0 
5/31/2022 0:02,2,-66960,-84871,P: 750 G: 50 - 500 Stgn: 25 Sel: Tourney Trny: 3 Mut: 0 MI: 0.1 Elit: 0 
5/31/2022 0:04,3,-55649,-79103,P: 750 G: 50 - 500 Stgn: 25 Sel: Tourney Trny: 3 Mut: 0 MI: 0.1 Elit: 0 
5/31/2022 0:06,4,-55624,-74170,P: 750 G: 50 - 500 Stgn: 25 Sel: Tourney Trny: 3 Mut: 0 MI: 0.1 Elit: 0 
5/31/2022 0:08,5,-53627,-68979,P: 750 G: 50 - 500 Stgn: 25 Sel: Tourney Trny: 3 Mut: 0 MI: 0.1 Elit: 0 
5/31/2022 0:10,6,-50612,-64489,P: 750 G: 50 - 500 Stgn: 25 Sel: Tourney Trny: 3 Mut: 0 MI: 0.1 Elit: 0 
5/31/2022 0:12,7,-43617,-60310,P: 750 G: 50 - 500 Stgn: 25 Sel: Tourney Trny: 3 Mut: 0 MI: 0.1 Elit: 0 
5/31/2022 0:14,8,-42194,-56717,P: 750 G: 50 - 500 Stgn: 25 Sel: Tourney Trny: 3 Mut: 0 MI: 0.1 Elit: 0 
5/31/2022 0:16,9,-43295,-53223,P: 750 G: 50 - 500 Stgn: 25 Sel: Tourney Trny: 3 Mut: 0 MI: 0.1 Elit: 0 
5/31/2022 0:19,10,-39356,-49861,P: 750 G: 50 - 500 Stgn: 25 Sel: Tourney Trny: 3 Mut: 0 MI: 0.1 Elit: 0 
5/31/2022 0:20,11,-36796,-46975,P: 750 G: 50 - 500 Stgn: 25 Sel: Tourney Trny: 3 Mut: 0 MI: 0.1 Elit: 0 
5/31/2022 0:22,12,-34630,-44650,P: 750 G: 50 - 500 Stgn: 25 Sel: Tourney Trny: 3 Mut: 0 MI: 0.1 Elit: 0 
5/31/2022 0:24,13,-33297,-42092,P: 750 G: 50 - 500 Stgn: 25 Sel: Tourney Trny: 3 Mut: 0 MI: 0.1 Elit: 0 
5/31/2022 0:25,14,-32609,-39746,P: 750 G: 50 - 500 Stgn: 25 Sel: Tourney Trny: 3 Mut: 0 MI: 0.1 Elit: 0 
5/31/2022 0:27,15,-30485,-37633,P: 750 G: 50 - 500 Stgn: 25 Sel: Tourney Trny: 3 Mut: 0 MI: 0.1 Elit: 0 
5/31/2022 0:28,16,-28821,-35854,P: 750 G: 50 - 500 Stgn: 25 Sel: Tourney Trny: 3 Mut: 0 MI: 0.1 Elit: 0 
5/31/2022 0:30,17,-27876,-34145,P: 750 G: 50 - 500 Stgn: 25 Sel: Tourney Trny: 3 Mut: 0 MI: 0.1 Elit: 0 
5/31/2022 0:31,18,-27552,-32466,P: 750 G: 50 - 500 Stgn: 25 Sel: Tourney Trny: 3 Mut: 0 MI: 0.1 Elit: 0 
5/31/2022 0:33,19,-26655,-31183,P: 750 G: 50 - 500 Stgn: 25 Sel: Tourney Trny: 3 Mut: 0 MI: 0.1 Elit: 0 
5/31/2022 0:35,20,-24634,-29971,P: 750 G: 50 - 500 Stgn: 25 Sel: Tourney Trny: 3 Mut: 0 MI: 0.1 Elit: 0 
5/31/2022 0:36,21,-23817,-28970,P: 750 G: 50 - 500 Stgn: 25 Sel: Tourney Trny: 3 Mut: 0 MI: 0.1 Elit: 0 
5/31/2022 0:38,22,-23446,-28122,P: 750 G: 50 - 500 Stgn: 25 Sel: Tourney Trny: 3 Mut: 0 MI: 0.1 Elit: 0 
5/31/2022 0:40,23,-22500,-27160,P: 750 G: 50 - 500 Stgn: 25 Sel: Tourney Trny: 3 Mut: 0 MI: 0.1 Elit: 0 
5/31/2022 0:42,24,-22170,-26300,P: 750 G: 50 - 500 Stgn: 25 Sel: Tourney Trny: 3 Mut: 0 MI: 0.1 Elit: 0 
5/31/2022 0:44,25,-22176,-25454,P: 750 G: 50 - 500 Stgn: 25 Sel: Tourney Trny: 3 Mut: 0 MI: 0.1 Elit: 0 
5/31/2022 0:46,26,-20922,-24641,P: 750 G: 50 - 500 Stgn: 25 Sel: Tourney Trny: 3 Mut: 0 MI: 0.1 Elit: 0 
5/31/2022 0:48,27,-20757,-23962,P: 750 G: 50 - 500 Stgn: 25 Sel: Tourney Trny: 3 Mut: 0 MI: 0.1 Elit: 0 
5/31/2022 0:49,28,-19775,-23524,P: 750 G: 50 - 500 Stgn: 25 Sel: Tourney Trny: 3 Mut: 0 MI: 0.1 Elit: 0 
5/31/2022 0:51,29,-19390,-22934,P: 750 G: 50 - 500 Stgn: 25 Sel: Tourney Trny: 3 Mut: 0 MI: 0.1 Elit: 0 
5/31/2022 0:53,30,-18832,-22415,P: 750 G: 50 - 500 Stgn: 25 Sel: Tourney Trny: 3 Mut: 0 MI: 0.1 Elit: 0 
5/31/2022 0:55,31,-18193,-21862,P: 750 G: 50 - 500 Stgn: 25 Sel: Tourney Trny: 3 Mut: 0 MI: 0.1 Elit: 0 
5/31/2022 0:56,32,-18173,-21459,P: 750 G: 50 - 500 Stgn: 25 Sel: Tourney Trny: 3 Mut: 0 MI: 0.1 Elit: 0 
5/31/2022 0:58,33,-17802,-21085,P: 750 G: 50 - 500 Stgn: 25 Sel: Tourney Trny: 3 Mut: 0 MI: 0.1 Elit: 0 
5/31/2022 1:00,34,-17525,-20689,P: 750 G: 50 - 500 Stgn: 25 Sel: Tourney Trny: 3 Mut: 0 MI: 0.1 Elit: 0 
5/31/2022 1:02,35,-17420,-20262,P: 750 G: 50 - 500 Stgn: 25 Sel: Tourney Trny: 3 Mut: 0 MI: 0.1 Elit: 0 
5/31/2022 1:03,36,-17391,-19938,P: 750 G: 50 - 500 Stgn: 25 Sel: Tourney Trny: 3 Mut: 0 MI: 0.1 Elit: 0 
5/31/2022 1:05,37,-17068,-19657,P: 750 G: 50 - 500 Stgn: 25 Sel: Tourney Trny: 3 Mut: 0 MI: 0.1 Elit: 0 
5/31/2022 1:07,38,-16798,-19308,P: 750 G: 50 - 500 Stgn: 25 Sel: Tourney Trny: 3 Mut: 0 MI: 0.1 Elit: 0 
5/31/2022 1:08,39,-16604,-19033,P: 750 G: 50 - 500 Stgn: 25 Sel: Tourney Trny: 3 Mut: 0 MI: 0.1 Elit: 0 
5/31/2022 1:10,40,-16509,-18828,P: 750 G: 50 - 500 Stgn: 25 Sel: Tourney Trny: 3 Mut: 0 MI: 0.1 Elit: 0 
5/31/2022 1:12,41,-15785,-18666,P: 750 G: 50 - 500 Stgn: 25 Sel: Tourney Trny: 3 Mut: 0 MI: 0.1 Elit: 0 
5/31/2022 1:13,42,-16216,-18443,P: 750 G: 50 - 500 Stgn: 25 Sel: Tourney Trny: 3 Mut: 0 MI: 0.1 Elit: 0 
5/31/2022 1:15,43,-15948,-18258,P: 750 G: 50 - 500 Stgn: 25 Sel: Tourney Trny: 3 Mut: 0 MI: 0.1 Elit: 0 
5/31/2022 1:17,44,-15259,-18116,P: 750 G: 50 - 500 Stgn: 25 Sel: Tourney Trny: 3 Mut: 0 MI: 0.1 Elit: 0 
5/31/2022 1:18,45,-15744,-17935,P: 750 G: 50 - 500 Stgn: 25 Sel: Tourney Trny: 3 Mut: 0 MI: 0.1 Elit: 0 
5/31/2022 1:20,46,-15537,-17654,P: 750 G: 50 - 500 Stgn: 25 Sel: Tourney Trny: 3 Mut: 0 MI: 0.1 Elit: 0 
5/31/2022 1:21,47,-14905,-17605,P: 750 G: 50 - 500 Stgn: 25 Sel: Tourney Trny: 3 Mut: 0 MI: 0.1 Elit: 0 
5/31/2022 1:23,48,-15022,-17397,P: 750 G: 50 - 500 Stgn: 25 Sel: Tourney Trny: 3 Mut: 0 MI: 0.1 Elit: 0 
5/31/2022 1:25,49,-14900,-17290,P: 750 G: 50 - 500 Stgn: 25 Sel: Tourney Trny: 3 Mut: 0 MI: 0.1 Elit: 0 
5/31/2022 1:26,50,-14833,-17151,P: 750 G: 50 - 500 Stgn: 25 Sel: Tourney Trny: 3 Mut: 0 MI: 0.1 Elit: 0 
5/31/2022 1:28,51,-14209,-17022,P: 750 G: 50 - 500 Stgn: 25 Sel: Tourney Trny: 3 Mut: 0 MI: 0.1 Elit: 0 
5/31/2022 1:30,52,-14103,-16862,P: 750 G: 50 - 500 Stgn: 25 Sel: Tourney Trny: 3 Mut: 0 MI: 0.1 Elit: 0 
5/31/2022 1:31,53,-14346,-16800,P: 750 G: 50 - 500 Stgn: 25 Sel: Tourney Trny: 3 Mut: 0 MI: 0.1 Elit: 0 
5/31/2022 1:33,54,-14353,-16700,P: 750 G: 50 - 500 Stgn: 25 Sel: Tourney Trny: 3 Mut: 0 MI: 0.1 Elit: 0 
5/31/2022 1:34,55,-14519,-16665,P: 750 G: 50 - 500 Stgn: 25 Sel: Tourney Trny: 3 Mut: 0 MI: 0.1 Elit: 0 
5/31/2022 1:36,56,-14404,-16569,P: 750 G: 50 - 500 Stgn: 25 Sel: Tourney Trny: 3 Mut: 0 MI: 0.1 Elit: 0 
5/31/2022 1:38,57,-14320,-16441,P: 750 G: 50 - 500 Stgn: 25 Sel: Tourney Trny: 3 Mut: 0 MI: 0.1 Elit: 0 
5/31/2022 1:39,58,-13930,-16347,P: 750 G: 50 - 500 Stgn: 25 Sel: Tourney Trny: 3 Mut: 0 MI: 0.1 Elit: 0 
5/31/2022 1:41,59,-13565,-16283,P: 750 G: 50 - 500 Stgn: 25 Sel: Tourney Trny: 3 Mut: 0 MI: 0.1 Elit: 0 
5/31/2022 1:43,60,-13927,-16149,P: 750 G: 50 - 500 Stgn: 25 Sel: Tourney Trny: 3 Mut: 0 MI: 0.1 Elit: 0 
5/31/2022 1:44,61,-13922,-16139,P: 750 G: 50 - 500 Stgn: 25 Sel: Tourney Trny: 3 Mut: 0 MI: 0.1 Elit: 0 
5/31/2022 1:46,62,-14106,-16027,P: 750 G: 50 - 500 Stgn: 25 Sel: Tourney Trny: 3 Mut: 0 MI: 0.1 Elit: 0 
5/31/2022 1:48,63,-13185,-15994,P: 750 G: 50 - 500 Stgn: 25 Sel: Tourney Trny: 3 Mut: 0 MI: 0.1 Elit: 0 
5/31/2022 1:49,64,-13244,-15900,P: 750 G: 50 - 500 Stgn: 25 Sel: Tourney Trny: 3 Mut: 0 MI: 0.1 Elit: 0 
5/31/2022 1:51,65,-13839,-15852,P: 750 G: 50 - 500 Stgn: 25 Sel: Tourney Trny: 3 Mut: 0 MI: 0.1 Elit: 0 
5/31/2022 1:53,66,-13516,-15783,P: 750 G: 50 - 500 Stgn: 25 Sel: Tourney Trny: 3 Mut: 0 MI: 0.1 Elit: 0 
5/31/2022 1:54,67,-13466,-15759,P: 750 G: 50 - 500 Stgn: 25 Sel: Tourney Trny: 3 Mut: 0 MI: 0.1 Elit: 0 
5/31/2022 1:56,68,-13504,-15670,P: 750 G: 50 - 500 Stgn: 25 Sel: Tourney Trny: 3 Mut: 0 MI: 0.1 Elit: 0 
5/31/2022 1:58,69,-13154,-15618,P: 750 G: 50 - 500 Stgn: 25 Sel: Tourney Trny: 3 Mut: 0 MI: 0.1 Elit: 0 
5/31/2022 1:59,70,-13725,-15597,P: 750 G: 50 - 500 Stgn: 25 Sel: Tourney Trny: 3 Mut: 0 MI: 0.1 Elit: 0 
5/31/2022 2:01,71,-13020,-15505,P: 750 G: 50 - 500 Stgn: 25 Sel: Tourney Trny: 3 Mut: 0 MI: 0.1 Elit: 0 
5/31/2022 2:03,72,-13058,-15461,P: 750 G: 50 - 500 Stgn: 25 Sel: Tourney Trny: 3 Mut: 0 MI: 0.1 Elit: 0 
5/31/2022 2:04,73,-13066,-15426,P: 750 G: 50 - 500 Stgn: 25 Sel: Tourney Trny: 3 Mut: 0 MI: 0.1 Elit: 0 
5/31/2022 2:06,74,-13288,-15353,P: 750 G: 50 - 500 Stgn: 25 Sel: Tourney Trny: 3 Mut: 0 MI: 0.1 Elit: 0 
5/31/2022 2:08,75,-13274,-15293,P: 750 G: 50 - 500 Stgn: 25 Sel: Tourney Trny: 3 Mut: 0 MI: 0.1 Elit: 0 
5/31/2022 2:09,76,-13093,-15244,P: 750 G: 50 - 500 Stgn: 25 Sel: Tourney Trny: 3 Mut: 0 MI: 0.1 Elit: 0 
5/31/2022 2:11,77,-13400,-15270,P: 750 G: 50 - 500 Stgn: 25 Sel: Tourney Trny: 3 Mut: 0 MI: 0.1 Elit: 0 
5/31/2022 2:13,78,-12642,-15192,P: 750 G: 50 - 500 Stgn: 25 Sel: Tourney Trny: 3 Mut: 0 MI: 0.1 Elit: 0 
5/31/2022 2:14,79,-12454,-15156,P: 750 G: 50 - 500 Stgn: 25 Sel: Tourney Trny: 3 Mut: 0 MI: 0.1 Elit: 0 
5/31/2022 2:16,80,-13160,-15132,P: 750 G: 50 - 500 Stgn: 25 Sel: Tourney Trny: 3 Mut: 0 MI: 0.1 Elit: 0 
5/31/2022 2:18,81,-12345,-15090,P: 750 G: 50 - 500 Stgn: 25 Sel: Tourney Trny: 3 Mut: 0 MI: 0.1 Elit: 0 
5/31/2022 2:19,82,-12542,-15054,P: 750 G: 50 - 500 Stgn: 25 Sel: Tourney Trny: 3 Mut: 0 MI: 0.1 Elit: 0 
5/31/2022 2:21,83,-12675,-15002,P: 750 G: 50 - 500 Stgn: 25 Sel: Tourney Trny: 3 Mut: 0 MI: 0.1 Elit: 0 
5/31/2022 2:23,84,-12576,-14978,P: 750 G: 50 - 500 Stgn: 25 Sel: Tourney Trny: 3 Mut: 0 MI: 0.1 Elit: 0 
5/31/2022 2:24,85,-12983,-14910,P: 750 G: 50 - 500 Stgn: 25 Sel: Tourney Trny: 3 Mut: 0 MI: 0.1 Elit: 0 
5/31/2022 2:26,86,-12423,-14952,P: 750 G: 50 - 500 Stgn: 25 Sel: Tourney Trny: 3 Mut: 0 MI: 0.1 Elit: 0 
5/31/2022 2:28,87,-12556,-14866,P: 750 G: 50 - 500 Stgn: 25 Sel: Tourney Trny: 3 Mut: 0 MI: 0.1 Elit: 0 
5/31/2022 2:29,88,-12625,-14831,P: 750 G: 50 - 500 Stgn: 25 Sel: Tourney Trny: 3 Mut: 0 MI: 0.1 Elit: 0 
5/31/2022 2:31,89,-12665,-14812,P: 750 G: 50 - 500 Stgn: 25 Sel: Tourney Trny: 3 Mut: 0 MI: 0.1 Elit: 0 
5/31/2022 2:33,90,-12369,-14755,P: 750 G: 50 - 500 Stgn: 25 Sel: Tourney Trny: 3 Mut: 0 MI: 0.1 Elit: 0 
5/31/2022 2:34,91,-12315,-14829,P: 750 G: 50 - 500 Stgn: 25 Sel: Tourney Trny: 3 Mut: 0 MI: 0.1 Elit: 0 
5/31/2022 2:36,92,-12683,-14786,P: 750 G: 50 - 500 Stgn: 25 Sel: Tourney Trny: 3 Mut: 0 MI: 0.1 Elit: 0 
5/31/2022 2:38,93,-12455,-14730,P: 750 G: 50 - 500 Stgn: 25 Sel: Tourney Trny: 3 Mut: 0 MI: 0.1 Elit: 0 
5/31/2022 2:39,94,-12235,-14690,P: 750 G: 50 - 500 Stgn: 25 Sel: Tourney Trny: 3 Mut: 0 MI: 0.1 Elit: 0 
5/31/2022 2:41,95,-12472,-14704,P: 750 G: 50 - 500 Stgn: 25 Sel: Tourney Trny: 3 Mut: 0 MI: 0.1 Elit: 0 
5/31/2022 2:42,96,-12420,-14648,P: 750 G: 50 - 500 Stgn: 25 Sel: Tourney Trny: 3 Mut: 0 MI: 0.1 Elit: 0 
5/31/2022 2:44,97,-12753,-14638,P: 750 G: 50 - 500 Stgn: 25 Sel: Tourney Trny: 3 Mut: 0 MI: 0.1 Elit: 0 
5/31/2022 2:46,98,-12470,-14636,P: 750 G: 50 - 500 Stgn: 25 Sel: Tourney Trny: 3 Mut: 0 MI: 0.1 Elit: 0 
5/31/2022 2:47,99,-12377,-14603,P: 750 G: 50 - 500 Stgn: 25 Sel: Tourney Trny: 3 Mut: 0 MI: 0.1 Elit: 0 
5/31/2022 2:49,100,-12578,-14523,P: 750 G: 50 - 500 Stgn: 25 Sel: Tourney Trny: 3 Mut: 0 MI: 0.1 Elit: 0 
5/31/2022 2:51,101,-12482,-14607,P: 750 G: 50 - 500 Stgn: 25 Sel: Tourney Trny: 3 Mut: 0 MI: 0.1 Elit: 0 
5/31/2022 2:53,102,-12643,-14534,P: 750 G: 50 - 500 Stgn: 25 Sel: Tourney Trny: 3 Mut: 0 MI: 0.1 Elit: 0 
5/31/2022 2:54,103,-11900,-14528,P: 750 G: 50 - 500 Stgn: 25 Sel: Tourney Trny: 3 Mut: 0 MI: 0.1 Elit: 0 
5/31/2022 2:56,104,-12011,-14492,P: 750 G: 50 - 500 Stgn: 25 Sel: Tourney Trny: 3 Mut: 0 MI: 0.1 Elit: 0 
5/31/2022 2:58,105,-12648,-14539,P: 750 G: 50 - 500 Stgn: 25 Sel: Tourney Trny: 3 Mut: 0 MI: 0.1 Elit: 0 
5/31/2022 2:59,106,-12551,-14459,P: 750 G: 50 - 500 Stgn: 25 Sel: Tourney Trny: 3 Mut: 0 MI: 0.1 Elit: 0 
5/31/2022 3:01,107,-12451,-14528,P: 750 G: 50 - 500 Stgn: 25 Sel: Tourney Trny: 3 Mut: 0 MI: 0.1 Elit: 0 
5/31/2022 3:03,108,-12541,-14499,P: 750 G: 50 - 500 Stgn: 25 Sel: Tourney Trny: 3 Mut: 0 MI: 0.1 Elit: 0 
5/31/2022 3:04,109,-12217,-14435,P: 750 G: 50 - 500 Stgn: 25 Sel: Tourney Trny: 3 Mut: 0 MI: 0.1 Elit: 0 
5/31/2022 3:06,110,-12256,-14418,P: 750 G: 50 - 500 Stgn: 25 Sel: Tourney Trny: 3 Mut: 0 MI: 0.1 Elit: 0 
5/31/2022 3:08,111,-12329,-14419,P: 750 G: 50 - 500 Stgn: 25 Sel: Tourney Trny: 3 Mut: 0 MI: 0.1 Elit: 0 
5/31/2022 3:09,112,-12518,-14409,P: 750 G: 50 - 500 Stgn: 25 Sel: Tourney Trny: 3 Mut: 0 MI: 0.1 Elit: 0 
5/31/2022 3:11,113,-12203,-14403,P: 750 G: 50 - 500 Stgn: 25 Sel: Tourney Trny: 3 Mut: 0 MI: 0.1 Elit: 0 
5/31/2022 3:13,114,-12520,-14391,P: 750 G: 50 - 500 Stgn: 25 Sel: Tourney Trny: 3 Mut: 0 MI: 0.1 Elit: 0 
5/31/2022 3:15,115,-12151,-14369,P: 750 G: 50 - 500 Stgn: 25 Sel: Tourney Trny: 3 Mut: 0 MI: 0.1 Elit: 0 
5/31/2022 3:16,116,-12120,-14376,P: 750 G: 50 - 500 Stgn: 25 Sel: Tourney Trny: 3 Mut: 0 MI: 0.1 Elit: 0 
5/31/2022 3:18,117,-11759,-14347,P: 750 G: 50 - 500 Stgn: 25 Sel: Tourney Trny: 3 Mut: 0 MI: 0.1 Elit: 0 
5/31/2022 3:20,118,-12201,-14338,P: 750 G: 50 - 500 Stgn: 25 Sel: Tourney Trny: 3 Mut: 0 MI: 0.1 Elit: 0 
5/31/2022 3:21,119,-12251,-14349,P: 750 G: 50 - 500 Stgn: 25 Sel: Tourney Trny: 3 Mut: 0 MI: 0.1 Elit: 0 
5/31/2022 3:23,120,-12323,-14315,P: 750 G: 50 - 500 Stgn: 25 Sel: Tourney Trny: 3 Mut: 0 MI: 0.1 Elit: 0 
5/31/2022 3:25,121,-12133,-14314,P: 750 G: 50 - 500 Stgn: 25 Sel: Tourney Trny: 3 Mut: 0 MI: 0.1 Elit: 0 
5/31/2022 3:26,122,-11955,-14289,P: 750 G: 50 - 500 Stgn: 25 Sel: Tourney Trny: 3 Mut: 0 MI: 0.1 Elit: 0 
5/31/2022 3:28,123,-12467,-14310,P: 750 G: 50 - 500 Stgn: 25 Sel: Tourney Trny: 3 Mut: 0 MI: 0.1 Elit: 0 
5/31/2022 3:30,124,-11536,-14269,P: 750 G: 50 - 500 Stgn: 25 Sel: Tourney Trny: 3 Mut: 0 MI: 0.1 Elit: 0 
5/31/2022 3:32,125,-11649,-14301,P: 750 G: 50 - 500 Stgn: 25 Sel: Tourney Trny: 3 Mut: 0 MI: 0.1 Elit: 0 
5/31/2022 3:33,126,-11908,-14274,P: 750 G: 50 - 500 Stgn: 25 Sel: Tourney Trny: 3 Mut: 0 MI: 0.1 Elit: 0 
5/31/2022 3:35,127,-11657,-14307,P: 750 G: 50 - 500 Stgn: 25 Sel: Tourney Trny: 3 Mut: 0 MI: 0.1 Elit: 0 
5/31/2022 3:37,128,-12184,-14318,P: 750 G: 50 - 500 Stgn: 25 Sel: Tourney Trny: 3 Mut: 0 MI: 0.1 Elit: 0 
5/31/2022 3:38,129,-11700,-14262,P: 750 G: 50 - 500 Stgn: 25 Sel: Tourney Trny: 3 Mut: 0 MI: 0.1 Elit: 0 
5/31/2022 3:40,130,-11588,-14262,P: 750 G: 50 - 500 Stgn: 25 Sel: Tourney Trny: 3 Mut: 0 MI: 0.1 Elit: 0 
5/31/2022 3:42,131,-12024,-14263,P: 750 G: 50 - 500 Stgn: 25 Sel: Tourney Trny: 3 Mut: 0 MI: 0.1 Elit: 0 
5/31/2022 3:43,132,-11598,-14238,P: 750 G: 50 - 500 Stgn: 25 Sel: Tourney Trny: 3 Mut: 0 MI: 0.1 Elit: 0 
5/31/2022 3:45,133,-12325,-14265,P: 750 G: 50 - 500 Stgn: 25 Sel: Tourney Trny: 3 Mut: 0 MI: 0.1 Elit: 0 
5/31/2022 3:47,134,-12419,-14266,P: 750 G: 50 - 500 Stgn: 25 Sel: Tourney Trny: 3 Mut: 0 MI: 0.1 Elit: 0 
5/31/2022 3:48,135,-11846,-14251,P: 750 G: 50 - 500 Stgn: 25 Sel: Tourney Trny: 3 Mut: 0 MI: 0.1 Elit: 0 
5/31/2022 3:50,136,-12052,-14238,P: 750 G: 50 - 500 Stgn: 25 Sel: Tourney Trny: 3 Mut: 0 MI: 0.1 Elit: 0 
5/31/2022 3:52,137,-11530,-14214,P: 750 G: 50 - 500 Stgn: 25 Sel: Tourney Trny: 3 Mut: 0 MI: 0.1 Elit: 0 
5/31/2022 3:53,138,-12065,-14214,P: 750 G: 50 - 500 Stgn: 25 Sel: Tourney Trny: 3 Mut: 0 MI: 0.1 Elit: 0 
5/31/2022 3:55,139,-11777,-14222,P: 750 G: 50 - 500 Stgn: 25 Sel: Tourney Trny: 3 Mut: 0 MI: 0.1 Elit: 0 
5/31/2022 3:57,140,-11676,-14172,P: 750 G: 50 - 500 Stgn: 25 Sel: Tourney Trny: 3 Mut: 0 MI: 0.1 Elit: 0 
5/31/2022 3:58,141,-12255,-14228,P: 750 G: 50 - 500 Stgn: 25 Sel: Tourney Trny: 3 Mut: 0 MI: 0.1 Elit: 0 
5/31/2022 4:00,142,-11996,-14176,P: 750 G: 50 - 500 Stgn: 25 Sel: Tourney Trny: 3 Mut: 0 MI: 0.1 Elit: 0 
5/31/2022 4:02,143,-11801,-14168,P: 750 G: 50 - 500 Stgn: 25 Sel: Tourney Trny: 3 Mut: 0 MI: 0.1 Elit: 0 
5/31/2022 4:03,144,-11834,-14208,P: 750 G: 50 - 500 Stgn: 25 Sel: Tourney Trny: 3 Mut: 0 MI: 0.1 Elit: 0 
5/31/2022 4:05,145,-12113,-14160,P: 750 G: 50 - 500 Stgn: 25 Sel: Tourney Trny: 3 Mut: 0 MI: 0.1 Elit: 0 
5/31/2022 4:07,146,-12173,-14193,P: 750 G: 50 - 500 Stgn: 25 Sel: Tourney Trny: 3 Mut: 0 MI: 0.1 Elit: 0 
5/31/2022 4:08,147,-11953,-14166,P: 750 G: 50 - 500 Stgn: 25 Sel: Tourney Trny: 3 Mut: 0 MI: 0.1 Elit: 0 
5/31/2022 4:10,148,-12121,-14137,P: 750 G: 50 - 500 Stgn: 25 Sel: Tourney Trny: 3 Mut: 0 MI: 0.1 Elit: 0 
5/31/2022 4:12,149,-11996,-14162,P: 750 G: 50 - 500 Stgn: 25 Sel: Tourney Trny: 3 Mut: 0 MI: 0.1 Elit: 0 
5/31/2022 4:13,150,-11704,-14148,P: 750 G: 50 - 500 Stgn: 25 Sel: Tourney Trny: 3 Mut: 0 MI: 0.1 Elit: 0 
5/31/2022 4:15,151,-11625,-14150,P: 750 G: 50 - 500 Stgn: 25 Sel: Tourney Trny: 3 Mut: 0 MI: 0.1 Elit: 0 
5/31/2022 4:17,152,-11798,-14163,P: 750 G: 50 - 500 Stgn: 25 Sel: Tourney Trny: 3 Mut: 0 MI: 0.1 Elit: 0 
5/31/2022 4:18,153,-11770,-14127,P: 750 G: 50 - 500 Stgn: 25 Sel: Tourney Trny: 3 Mut: 0 MI: 0.1 Elit: 0 
5/31/2022 4:20,154,-11839,-14108,P: 750 G: 50 - 500 Stgn: 25 Sel: Tourney Trny: 3 Mut: 0 MI: 0.1 Elit: 0 
5/31/2022 4:22,155,-11620,-14121,P: 750 G: 50 - 500 Stgn: 25 Sel: Tourney Trny: 3 Mut: 0 MI: 0.1 Elit: 0 
5/31/2022 4:23,156,-11949,-14122,P: 750 G: 50 - 500 Stgn: 25 Sel: Tourney Trny: 3 Mut: 0 MI: 0.1 Elit: 0 
5/31/2022 4:25,157,-11654,-14113,P: 750 G: 50 - 500 Stgn: 25 Sel: Tourney Trny: 3 Mut: 0 MI: 0.1 Elit: 0 
5/31/2022 4:27,158,-11976,-14131,P: 750 G: 50 - 500 Stgn: 25 Sel: Tourney Trny: 3 Mut: 0 MI: 0.1 Elit: 0 
5/31/2022 4:29,159,-11887,-14071,P: 750 G: 50 - 500 Stgn: 25 Sel: Tourney Trny: 3 Mut: 0 MI: 0.1 Elit: 0 
5/31/2022 4:30,160,-11613,-14042,P: 750 G: 50 - 500 Stgn: 25 Sel: Tourney Trny: 3 Mut: 0 MI: 0.1 Elit: 0 
5/31/2022 4:32,161,-11833,-14126,P: 750 G: 50 - 500 Stgn: 25 Sel: Tourney Trny: 3 Mut: 0 MI: 0.1 Elit: 0 
5/31/2022 4:34,162,-11751,-14120,P: 750 G: 50 - 500 Stgn: 25 Sel: Tourney Trny: 3 Mut: 0 MI: 0.1 Elit: 0 
5/31/2022 4:35,163,-11951,-14052,P: 750 G: 50 - 500 Stgn: 25 Sel: Tourney Trny: 3 Mut: 0 MI: 0.1 Elit: 0 
5/31/2022 4:37,164,-12056,-14118,P: 750 G: 50 - 500 Stgn: 25 Sel: Tourney Trny: 3 Mut: 0 MI: 0.1 Elit: 0 
5/31/2022 4:39,165,-11879,-14085,P: 750 G: 50 - 500 Stgn: 25 Sel: Tourney Trny: 3 Mut: 0 MI: 0.1 Elit: 0 
5/31/2022 4:41,166,-12072,-14073,P: 750 G: 50 - 500 Stgn: 25 Sel: Tourney Trny: 3 Mut: 0 MI: 0.1 Elit: 0 
5/31/2022 4:42,167,-11181,-14061,P: 750 G: 50 - 500 Stgn: 25 Sel: Tourney Trny: 3 Mut: 0 MI: 0.1 Elit: 0 
5/31/2022 4:44,168,-11872,-14070,P: 750 G: 50 - 500 Stgn: 25 Sel: Tourney Trny: 3 Mut: 0 MI: 0.1 Elit: 0 
5/31/2022 4:46,169,-11866,-14072,P: 750 G: 50 - 500 Stgn: 25 Sel: Tourney Trny: 3 Mut: 0 MI: 0.1 Elit: 0 
5/31/2022 4:47,170,-12150,-14009,P: 750 G: 50 - 500 Stgn: 25 Sel: Tourney Trny: 3 Mut: 0 MI: 0.1 Elit: 0 
5/31/2022 4:49,171,-11631,-14091,P: 750 G: 50 - 500 Stgn: 25 Sel: Tourney Trny: 3 Mut: 0 MI: 0.1 Elit: 0 
5/31/2022 4:51,172,-11244,-14058,P: 750 G: 50 - 500 Stgn: 25 Sel: Tourney Trny: 3 Mut: 0 MI: 0.1 Elit: 0 
5/31/2022 4:52,173,-11824,-14081,P: 750 G: 50 - 500 Stgn: 25 Sel: Tourney Trny: 3 Mut: 0 MI: 0.1 Elit: 0 
5/31/2022 4:54,174,-11444,-14046,P: 750 G: 50 - 500 Stgn: 25 Sel: Tourney Trny: 3 Mut: 0 MI: 0.1 Elit: 0 
5/31/2022 4:56,175,-12231,-14027,P: 750 G: 50 - 500 Stgn: 25 Sel: Tourney Trny: 3 Mut: 0 MI: 0.1 Elit: 0 
5/31/2022 4:57,176,-11950,-14055,P: 750 G: 50 - 500 Stgn: 25 Sel: Tourney Trny: 3 Mut: 0 MI: 0.1 Elit: 0 
5/31/2022 4:59,177,-11926,-14009,P: 750 G: 50 - 500 Stgn: 25 Sel: Tourney Trny: 3 Mut: 0 MI: 0.1 Elit: 0 
5/31/2022 5:01,178,-11831,-14059,P: 750 G: 50 - 500 Stgn: 25 Sel: Tourney Trny: 3 Mut: 0 MI: 0.1 Elit: 0 
5/31/2022 5:02,179,-12049,-14084,P: 750 G: 50 - 500 Stgn: 25 Sel: Tourney Trny: 3 Mut: 0 MI: 0.1 Elit: 0 
5/31/2022 5:04,180,-12127,-14005,P: 750 G: 50 - 500 Stgn: 25 Sel: Tourney Trny: 3 Mut: 0 MI: 0.1 Elit: 0 
5/31/2022 5:06,181,-12235,-14037,P: 750 G: 50 - 500 Stgn: 25 Sel: Tourney Trny: 3 Mut: 0 MI: 0.1 Elit: 0 
5/31/2022 5:07,182,-11931,-14060,P: 750 G: 50 - 500 Stgn: 25 Sel: Tourney Trny: 3 Mut: 0 MI: 0.1 Elit: 0 
5/31/2022 5:09,183,-12019,-14045,P: 750 G: 50 - 500 Stgn: 25 Sel: Tourney Trny: 3 Mut: 0 MI: 0.1 Elit: 0 
5/31/2022 5:11,184,-11594,-14067,P: 750 G: 50 - 500 Stgn: 25 Sel: Tourney Trny: 3 Mut: 0 MI: 0.1 Elit: 0 
5/31/2022 5:12,185,-11261,-13991,P: 750 G: 50 - 500 Stgn: 25 Sel: Tourney Trny: 3 Mut: 0 MI: 0.1 Elit: 0 
5/31/2022 5:14,186,-11837,-13985,P: 750 G: 50 - 500 Stgn: 25 Sel: Tourney Trny: 3 Mut: 0 MI: 0.1 Elit: 0 
5/31/2022 5:16,187,-11720,-13978,P: 750 G: 50 - 500 Stgn: 25 Sel: Tourney Trny: 3 Mut: 0 MI: 0.1 Elit: 0 
5/31/2022 5:17,188,-11722,-13943,P: 750 G: 50 - 500 Stgn: 25 Sel: Tourney Trny: 3 Mut: 0 MI: 0.1 Elit: 0 
5/31/2022 5:19,189,-12089,-14001,P: 750 G: 50 - 500 Stgn: 25 Sel: Tourney Trny: 3 Mut: 0 MI: 0.1 Elit: 0 
5/31/2022 5:21,190,-11998,-14022,P: 750 G: 50 - 500 Stgn: 25 Sel: Tourney Trny: 3 Mut: 0 MI: 0.1 Elit: 0 
5/31/2022 5:22,191,-11862,-13967,P: 750 G: 50 - 500 Stgn: 25 Sel: Tourney Trny: 3 Mut: 0 MI: 0.1 Elit: 0 
5/31/2022 5:24,192,-11803,-13975,P: 750 G: 50 - 500 Stgn: 25 Sel: Tourney Trny: 3 Mut: 0 MI: 0.1 Elit: 0 
5/31/2022 5:26,193,-11949,-14031,P: 750 G: 50 - 500 Stgn: 25 Sel: Tourney Trny: 3 Mut: 0 MI: 0.1 Elit: 0 
5/31/2022 5:28,194,-11813,-13974,P: 750 G: 50 - 500 Stgn: 25 Sel: Tourney Trny: 3 Mut: 0 MI: 0.1 Elit: 0 
5/31/2022 5:29,195,-11948,-13970,P: 750 G: 50 - 500 Stgn: 25 Sel: Tourney Trny: 3 Mut: 0 MI: 0.1 Elit: 0 
5/31/2022 5:31,196,-12018,-13931,P: 750 G: 50 - 500 Stgn: 25 Sel: Tourney Trny: 3 Mut: 0 MI: 0.1 Elit: 0 
5/31/2022 5:33,197,-12111,-13999,P: 750 G: 50 - 500 Stgn: 25 Sel: Tourney Trny: 3 Mut: 0 MI: 0.1 Elit: 0 
5/31/2022 5:34,198,-11754,-14007,P: 750 G: 50 - 500 Stgn: 25 Sel: Tourney Trny: 3 Mut: 0 MI: 0.1 Elit: 0 
5/31/2022 5:36,199,-12194,-13981,P: 750 G: 50 - 500 Stgn: 25 Sel: Tourney Trny: 3 Mut: 0 MI: 0.1 Elit: 0 
5/31/2022 5:38,200,-11938,-13975,P: 750 G: 50 - 500 Stgn: 25 Sel: Tourney Trny: 3 Mut: 0 MI: 0.1 Elit: 0 
5/31/2022 5:39,201,-11875,-13957,P: 750 G: 50 - 500 Stgn: 25 Sel: Tourney Trny: 3 Mut: 0 MI: 0.1 Elit: 0 
5/31/2022 5:41,202,-11852,-13928,P: 750 G: 50 - 500 Stgn: 25 Sel: Tourney Trny: 3 Mut: 0 MI: 0.1 Elit: 0 
5/31/2022 5:43,203,-11437,-13986,P: 750 G: 50 - 500 Stgn: 25 Sel: Tourney Trny: 3 Mut: 0 MI: 0.1 Elit: 0 
5/31/2022 5:44,204,-11750,-13953,P: 750 G: 50 - 500 Stgn: 25 Sel: Tourney Trny: 3 Mut: 0 MI: 0.1 Elit: 0 
5/31/2022 5:46,205,-11890,-13948,P: 750 G: 50 - 500 Stgn: 25 Sel: Tourney Trny: 3 Mut: 0 MI: 0.1 Elit: 0 
5/31/2022 5:48,206,-11669,-13980,P: 750 G: 50 - 500 Stgn: 25 Sel: Tourney Trny: 3 Mut: 0 MI: 0.1 Elit: 0 
5/31/2022 5:50,207,-11825,-13990,P: 750 G: 50 - 500 Stgn: 25 Sel: Tourney Trny: 3 Mut: 0 MI: 0.1 Elit: 0 
5/31/2022 5:51,208,-11801,-13963,P: 750 G: 50 - 500 Stgn: 25 Sel: Tourney Trny: 3 Mut: 0 MI: 0.1 Elit: 0 
5/31/2022 5:53,209,-11941,-13944,P: 750 G: 50 - 500 Stgn: 25 Sel: Tourney Trny: 3 Mut: 0 MI: 0.1 Elit: 0 
5/31/2022 5:55,210,-11677,-13970,P: 750 G: 50 - 500 Stgn: 25 Sel: Tourney Trny: 3 Mut: 0 MI: 0.1 Elit: 0 
5/31/2022 5:56,211,-11912,-13911,P: 750 G: 50 - 500 Stgn: 25 Sel: Tourney Trny: 3 Mut: 0 MI: 0.1 Elit: 0 
5/31/2022 5:58,212,-11354,-13968,P: 750 G: 50 - 500 Stgn: 25 Sel: Tourney Trny: 3 Mut: 0 MI: 0.1 Elit: 0 
5/31/2022 6:00,213,-11657,-13979,P: 750 G: 50 - 500 Stgn: 25 Sel: Tourney Trny: 3 Mut: 0 MI: 0.1 Elit: 0 
5/31/2022 6:02,214,-11805,-13948,P: 750 G: 50 - 500 Stgn: 25 Sel: Tourney Trny: 3 Mut: 0 MI: 0.1 Elit: 0 
5/31/2022 6:03,215,-11781,-13992,P: 750 G: 50 - 500 Stgn: 25 Sel: Tourney Trny: 3 Mut: 0 MI: 0.1 Elit: 0 
5/31/2022 6:05,216,-11765,-13968,P: 750 G: 50 - 500 Stgn: 25 Sel: Tourney Trny: 3 Mut: 0 MI: 0.1 Elit: 0 
5/31/2022 6:07,217,-11567,-13980,P: 750 G: 50 - 500 Stgn: 25 Sel: Tourney Trny: 3 Mut: 0 MI: 0.1 Elit: 0 
5/31/2022 6:08,218,-11880,-13935,P: 750 G: 50 - 500 Stgn: 25 Sel: Tourney Trny: 3 Mut: 0 MI: 0.1 Elit: 0 
5/31/2022 6:10,219,-11968,-13916,P: 750 G: 50 - 500 Stgn: 25 Sel: Tourney Trny: 3 Mut: 0 MI: 0.1 Elit: 0 
5/31/2022 6:12,220,-11439,-13954,P: 750 G: 50 - 500 Stgn: 25 Sel: Tourney Trny: 3 Mut: 0 MI: 0.1 Elit: 0 
5/31/2022 6:13,221,-11818,-13934,P: 750 G: 50 - 500 Stgn: 25 Sel: Tourney Trny: 3 Mut: 0 MI: 0.1 Elit: 0 
5/31/2022 6:15,222,-11456,-13895,P: 750 G: 50 - 500 Stgn: 25 Sel: Tourney Trny: 3 Mut: 0 MI: 0.1 Elit: 0 
5/31/2022 6:17,223,-11086,-13916,P: 750 G: 50 - 500 Stgn: 25 Sel: Tourney Trny: 3 Mut: 0 MI: 0.1 Elit: 0 
5/31/2022 6:18,224,-11859,-13925,P: 750 G: 50 - 500 Stgn: 25 Sel: Tourney Trny: 3 Mut: 0 MI: 0.1 Elit: 0 
5/31/2022 6:20,225,-11978,-13975,P: 750 G: 50 - 500 Stgn: 25 Sel: Tourney Trny: 3 Mut: 0 MI: 0.1 Elit: 0 
5/31/2022 6:22,226,-11341,-13927,P: 750 G: 50 - 500 Stgn: 25 Sel: Tourney Trny: 3 Mut: 0 MI: 0.1 Elit: 0 
5/31/2022 6:23,227,-11570,-13915,P: 750 G: 50 - 500 Stgn: 25 Sel: Tourney Trny: 3 Mut: 0 MI: 0.1 Elit: 0 
5/31/2022 6:25,228,-11301,-13939,P: 750 G: 50 - 500 Stgn: 25 Sel: Tourney Trny: 3 Mut: 0 MI: 0.1 Elit: 0 
5/31/2022 6:27,229,-11862,-13978,P: 750 G: 50 - 500 Stgn: 25 Sel: Tourney Trny: 3 Mut: 0 MI: 0.1 Elit: 0 
5/31/2022 6:29,230,-11839,-13917,P: 750 G: 50 - 500 Stgn: 25 Sel: Tourney Trny: 3 Mut: 0 MI: 0.1 Elit: 0 
5/31/2022 6:30,231,-11852,-13921,P: 750 G: 50 - 500 Stgn: 25 Sel: Tourney Trny: 3 Mut: 0 MI: 0.1 Elit: 0 
5/31/2022 6:32,232,-11510,-13962,P: 750 G: 50 - 500 Stgn: 25 Sel: Tourney Trny: 3 Mut: 0 MI: 0.1 Elit: 0 
5/31/2022 6:34,233,-11824,-13899,P: 750 G: 50 - 500 Stgn: 25 Sel: Tourney Trny: 3 Mut: 0 MI: 0.1 Elit: 0 
5/31/2022 6:35,234,-11686,-13954,P: 750 G: 50 - 500 Stgn: 25 Sel: Tourney Trny: 3 Mut: 0 MI: 0.1 Elit: 0 
5/31/2022 6:37,235,-11780,-13975,P: 750 G: 50 - 500 Stgn: 25 Sel: Tourney Trny: 3 Mut: 0 MI: 0.1 Elit: 0 
5/31/2022 6:39,236,-11279,-13915,P: 750 G: 50 - 500 Stgn: 25 Sel: Tourney Trny: 3 Mut: 0 MI: 0.1 Elit: 0 
5/31/2022 6:40,237,-11766,-13946,P: 750 G: 50 - 500 Stgn: 25 Sel: Tourney Trny: 3 Mut: 0 MI: 0.1 Elit: 0 
5/31/2022 6:42,238,-11688,-13906,P: 750 G: 50 - 500 Stgn: 25 Sel: Tourney Trny: 3 Mut: 0 MI: 0.1 Elit: 0 
5/31/2022 6:44,239,-11929,-13890,P: 750 G: 50 - 500 Stgn: 25 Sel: Tourney Trny: 3 Mut: 0 MI: 0.1 Elit: 0 
5/31/2022 6:45,240,-11524,-13905,P: 750 G: 50 - 500 Stgn: 25 Sel: Tourney Trny: 3 Mut: 0 MI: 0.1 Elit: 0 
5/31/2022 6:47,241,-11577,-13916,P: 750 G: 50 - 500 Stgn: 25 Sel: Tourney Trny: 3 Mut: 0 MI: 0.1 Elit: 0 
5/31/2022 6:49,242,-11855,-13910,P: 750 G: 50 - 500 Stgn: 25 Sel: Tourney Trny: 3 Mut: 0 MI: 0.1 Elit: 0 
5/31/2022 6:50,243,-11950,-13912,P: 750 G: 50 - 500 Stgn: 25 Sel: Tourney Trny: 3 Mut: 0 MI: 0.1 Elit: 0 
5/31/2022 6:52,244,-11440,-13859,P: 750 G: 50 - 500 Stgn: 25 Sel: Tourney Trny: 3 Mut: 0 MI: 0.1 Elit: 0 
5/31/2022 6:54,245,-11655,-13902,P: 750 G: 50 - 500 Stgn: 25 Sel: Tourney Trny: 3 Mut: 0 MI: 0.1 Elit: 0 
5/31/2022 6:55,246,-11644,-13911,P: 750 G: 50 - 500 Stgn: 25 Sel: Tourney Trny: 3 Mut: 0 MI: 0.1 Elit: 0 
5/31/2022 6:57,247,-11923,-13896,P: 750 G: 50 - 500 Stgn: 25 Sel: Tourney Trny: 3 Mut: 0 MI: 0.1 Elit: 0 
5/31/2022 6:59,248,-11986,-13907,P: 750 G: 50 - 500 Stgn: 25 Sel: Tourney Trny: 3 Mut: 0 MI: 0.1 Elit: 0 
5/31/2022 7:00,249,-11677,-13926,P: 750 G: 50 - 500 Stgn: 25 Sel: Tourney Trny: 3 Mut: 0 MI: 0.1 Elit: 0 
5/31/2022 7:02,250,-11789,-13908,P: 750 G: 50 - 500 Stgn: 25 Sel: Tourney Trny: 3 Mut: 0 MI: 0.1 Elit: 0 
5/31/2022 7:04,251,-11856,-13907,P: 750 G: 50 - 500 Stgn: 25 Sel: Tourney Trny: 3 Mut: 0 MI: 0.1 Elit: 0 
5/31/2022 7:05,252,-11563,-13970,P: 750 G: 50 - 500 Stgn: 25 Sel: Tourney Trny: 3 Mut: 0 MI: 0.1 Elit: 0 
5/31/2022 7:07,253,-11957,-13878,P: 750 G: 50 - 500 Stgn: 25 Sel: Tourney Trny: 3 Mut: 0 MI: 0.1 Elit: 0 
5/31/2022 7:09,254,-12063,-13909,P: 750 G: 50 - 500 Stgn: 25 Sel: Tourney Trny: 3 Mut: 0 MI: 0.1 Elit: 0 
5/31/2022 7:10,255,-11679,-13883,P: 750 G: 50 - 500 Stgn: 25 Sel: Tourney Trny: 3 Mut: 0 MI: 0.1 Elit: 0 
5/31/2022 7:12,256,-11465,-13936,P: 750 G: 50 - 500 Stgn: 25 Sel: Tourney Trny: 3 Mut: 0 MI: 0.1 Elit: 0 
5/31/2022 7:13,257,-11460,-13968,P: 750 G: 50 - 500 Stgn: 25 Sel: Tourney Trny: 3 Mut: 0 MI: 0.1 Elit: 0 
5/31/2022 7:15,258,-11726,-13890,P: 750 G: 50 - 500 Stgn: 25 Sel: Tourney Trny: 3 Mut: 0 MI: 0.1 Elit: 0 
5/31/2022 7:17,259,-11791,-13898,P: 750 G: 50 - 500 Stgn: 25 Sel: Tourney Trny: 3 Mut: 0 MI: 0.1 Elit: 0 
5/31/2022 7:19,260,-11421,-13916,P: 750 G: 50 - 500 Stgn: 25 Sel: Tourney Trny: 3 Mut: 0 MI: 0.1 Elit: 0 
5/31/2022 7:20,261,-11884,-13920,P: 750 G: 50 - 500 Stgn: 25 Sel: Tourney Trny: 3 Mut: 0 MI: 0.1 Elit: 0 
5/31/2022 7:22,262,-11820,-13923,P: 750 G: 50 - 500 Stgn: 25 Sel: Tourney Trny: 3 Mut: 0 MI: 0.1 Elit: 0 
5/31/2022 7:24,263,-11771,-13896,P: 750 G: 50 - 500 Stgn: 25 Sel: Tourney Trny: 3 Mut: 0 MI: 0.1 Elit: 0 
5/31/2022 7:25,264,-11334,-13907,P: 750 G: 50 - 500 Stgn: 25 Sel: Tourney Trny: 3 Mut: 0 MI: 0.1 Elit: 0 
5/31/2022 7:27,265,-11726,-13914,P: 750 G: 50 - 500 Stgn: 25 Sel: Tourney Trny: 3 Mut: 0 MI: 0.1 Elit: 0 
5/31/2022 7:29,266,-11820,-13918,P: 750 G: 50 - 500 Stgn: 25 Sel: Tourney Trny: 3 Mut: 0 MI: 0.1 Elit: 0 
5/31/2022 7:30,267,-11822,-13883,P: 750 G: 50 - 500 Stgn: 25 Sel: Tourney Trny: 3 Mut: 0 MI: 0.1 Elit: 0 
5/31/2022 7:32,268,-11237,-13895,P: 750 G: 50 - 500 Stgn: 25 Sel: Tourney Trny: 3 Mut: 0 MI: 0.1 Elit: 0 
5/31/2022 7:34,269,-11831,-13905,P: 750 G: 50 - 500 Stgn: 25 Sel: Tourney Trny: 3 Mut: 0 MI: 0.1 Elit: 0 
