"29/05/2022 17:43",0,-64180,-101433,P: 750 G: 50 - 500 Stgn: 25 Sel: Tourney Trny: 3 Mut: 0 MI: 0,1 Elit: 0 
"29/05/2022 17:44",1,-72315,-94771,P: 750 G: 50 - 500 Stgn: 25 Sel: Tourney Trny: 3 Mut: 0 MI: 0,1 Elit: 0 
"29/05/2022 17:45",2,-66393,-87884,P: 750 G: 50 - 500 Stgn: 25 Sel: Tourney Trny: 3 Mut: 0 MI: 0,1 Elit: 0 
"29/05/2022 17:46",3,-62191,-82061,P: 750 G: 50 - 500 Stgn: 25 Sel: Tourney Trny: 3 Mut: 0 MI: 0,1 Elit: 0 
"29/05/2022 17:48",4,-60190,-76376,P: 750 G: 50 - 500 Stgn: 25 Sel: Tourney Trny: 3 Mut: 0 MI: 0,1 Elit: 0 
"29/05/2022 17:49",5,-57164,-71372,P: 750 G: 50 - 500 Stgn: 25 Sel: Tourney Trny: 3 Mut: 0 MI: 0,1 Elit: 0 
"29/05/2022 17:50",6,-52085,-66885,P: 750 G: 50 - 500 Stgn: 25 Sel: Tourney Trny: 3 Mut: 0 MI: 0,1 Elit: 0 
"29/05/2022 17:51",7,-49559,-62767,P: 750 G: 50 - 500 Stgn: 25 Sel: Tourney Trny: 3 Mut: 0 MI: 0,1 Elit: 0 
"29/05/2022 17:52",8,-46556,-58919,P: 750 G: 50 - 500 Stgn: 25 Sel: Tourney Trny: 3 Mut: 0 MI: 0,1 Elit: 0 
"29/05/2022 17:53",9,-42066,-55574,P: 750 G: 50 - 500 Stgn: 25 Sel: Tourney Trny: 3 Mut: 0 MI: 0,1 Elit: 0 
"29/05/2022 17:55",10,-41772,-51980,P: 750 G: 50 - 500 Stgn: 25 Sel: Tourney Trny: 3 Mut: 0 MI: 0,1 Elit: 0 
"29/05/2022 17:56",11,-39362,-49136,P: 750 G: 50 - 500 Stgn: 25 Sel: Tourney Trny: 3 Mut: 0 MI: 0,1 Elit: 0 
"29/05/2022 17:57",12,-37670,-46686,P: 750 G: 50 - 500 Stgn: 25 Sel: Tourney Trny: 3 Mut: 0 MI: 0,1 Elit: 0 
"29/05/2022 17:58",13,-35815,-44171,P: 750 G: 50 - 500 Stgn: 25 Sel: Tourney Trny: 3 Mut: 0 MI: 0,1 Elit: 0 
"29/05/2022 18:00",14,-33774,-41986,P: 750 G: 50 - 500 Stgn: 25 Sel: Tourney Trny: 3 Mut: 0 MI: 0,1 Elit: 0 
"29/05/2022 18:01",15,-32609,-39882,P: 750 G: 50 - 500 Stgn: 25 Sel: Tourney Trny: 3 Mut: 0 MI: 0,1 Elit: 0 
"29/05/2022 18:02",16,-31569,-37821,P: 750 G: 50 - 500 Stgn: 25 Sel: Tourney Trny: 3 Mut: 0 MI: 0,1 Elit: 0 
"29/05/2022 18:03",17,-29415,-36138,P: 750 G: 50 - 500 Stgn: 25 Sel: Tourney Trny: 3 Mut: 0 MI: 0,1 Elit: 0 
"29/05/2022 18:05",18,-28378,-34596,P: 750 G: 50 - 500 Stgn: 25 Sel: Tourney Trny: 3 Mut: 0 MI: 0,1 Elit: 0 
"29/05/2022 18:06",19,-27516,-33131,P: 750 G: 50 - 500 Stgn: 25 Sel: Tourney Trny: 3 Mut: 0 MI: 0,1 Elit: 0 
"29/05/2022 18:07",20,-27044,-31882,P: 750 G: 50 - 500 Stgn: 25 Sel: Tourney Trny: 3 Mut: 0 MI: 0,1 Elit: 0 
"29/05/2022 18:08",21,-25577,-30713,P: 750 G: 50 - 500 Stgn: 25 Sel: Tourney Trny: 3 Mut: 0 MI: 0,1 Elit: 0 
"29/05/2022 18:10",22,-25450,-29503,P: 750 G: 50 - 500 Stgn: 25 Sel: Tourney Trny: 3 Mut: 0 MI: 0,1 Elit: 0 
"29/05/2022 18:11",23,-24286,-28449,P: 750 G: 50 - 500 Stgn: 25 Sel: Tourney Trny: 3 Mut: 0 MI: 0,1 Elit: 0 
"29/05/2022 18:12",24,-23232,-27489,P: 750 G: 50 - 500 Stgn: 25 Sel: Tourney Trny: 3 Mut: 0 MI: 0,1 Elit: 0 
"29/05/2022 18:13",25,-22935,-26509,P: 750 G: 50 - 500 Stgn: 25 Sel: Tourney Trny: 3 Mut: 0 MI: 0,1 Elit: 0 
"29/05/2022 18:15",26,-21980,-25714,P: 750 G: 50 - 500 Stgn: 25 Sel: Tourney Trny: 3 Mut: 0 MI: 0,1 Elit: 0 
"29/05/2022 18:16",27,-21892,-24984,P: 750 G: 50 - 500 Stgn: 25 Sel: Tourney Trny: 3 Mut: 0 MI: 0,1 Elit: 0 
"29/05/2022 18:17",28,-21149,-24363,P: 750 G: 50 - 500 Stgn: 25 Sel: Tourney Trny: 3 Mut: 0 MI: 0,1 Elit: 0 
"29/05/2022 18:19",29,-20403,-23783,P: 750 G: 50 - 500 Stgn: 25 Sel: Tourney Trny: 3 Mut: 0 MI: 0,1 Elit: 0 
"29/05/2022 18:20",30,-20052,-23197,P: 750 G: 50 - 500 Stgn: 25 Sel: Tourney Trny: 3 Mut: 0 MI: 0,1 Elit: 0 
"29/05/2022 18:21",31,-19666,-22749,P: 750 G: 50 - 500 Stgn: 25 Sel: Tourney Trny: 3 Mut: 0 MI: 0,1 Elit: 0 
"29/05/2022 18:22",32,-18810,-22152,P: 750 G: 50 - 500 Stgn: 25 Sel: Tourney Trny: 3 Mut: 0 MI: 0,1 Elit: 0 
"29/05/2022 18:23",33,-19123,-21791,P: 750 G: 50 - 500 Stgn: 25 Sel: Tourney Trny: 3 Mut: 0 MI: 0,1 Elit: 0 
"29/05/2022 18:25",34,-18362,-21349,P: 750 G: 50 - 500 Stgn: 25 Sel: Tourney Trny: 3 Mut: 0 MI: 0,1 Elit: 0 
"29/05/2022 18:26",35,-18036,-20940,P: 750 G: 50 - 500 Stgn: 25 Sel: Tourney Trny: 3 Mut: 0 MI: 0,1 Elit: 0 
"29/05/2022 18:28",36,-17822,-20598,P: 750 G: 50 - 500 Stgn: 25 Sel: Tourney Trny: 3 Mut: 0 MI: 0,1 Elit: 0 
"29/05/2022 18:29",37,-16882,-20273,P: 750 G: 50 - 500 Stgn: 25 Sel: Tourney Trny: 3 Mut: 0 MI: 0,1 Elit: 0 
"29/05/2022 18:31",38,-17479,-19952,P: 750 G: 50 - 500 Stgn: 25 Sel: Tourney Trny: 3 Mut: 0 MI: 0,1 Elit: 0 
"29/05/2022 18:32",39,-16914,-19626,P: 750 G: 50 - 500 Stgn: 25 Sel: Tourney Trny: 3 Mut: 0 MI: 0,1 Elit: 0 
"29/05/2022 18:33",40,-16385,-19403,P: 750 G: 50 - 500 Stgn: 25 Sel: Tourney Trny: 3 Mut: 0 MI: 0,1 Elit: 0 
"29/05/2022 18:35",41,-16859,-19155,P: 750 G: 50 - 500 Stgn: 25 Sel: Tourney Trny: 3 Mut: 0 MI: 0,1 Elit: 0 
"29/05/2022 18:36",42,-16699,-18912,P: 750 G: 50 - 500 Stgn: 25 Sel: Tourney Trny: 3 Mut: 0 MI: 0,1 Elit: 0 
"29/05/2022 18:38",43,-16152,-18667,P: 750 G: 50 - 500 Stgn: 25 Sel: Tourney Trny: 3 Mut: 0 MI: 0,1 Elit: 0 
"29/05/2022 18:39",44,-15356,-18477,P: 750 G: 50 - 500 Stgn: 25 Sel: Tourney Trny: 3 Mut: 0 MI: 0,1 Elit: 0 
"29/05/2022 18:41",45,-16035,-18275,P: 750 G: 50 - 500 Stgn: 25 Sel: Tourney Trny: 3 Mut: 0 MI: 0,1 Elit: 0 
"29/05/2022 18:42",46,-15625,-18089,P: 750 G: 50 - 500 Stgn: 25 Sel: Tourney Trny: 3 Mut: 0 MI: 0,1 Elit: 0 
"29/05/2022 18:44",47,-15561,-17922,P: 750 G: 50 - 500 Stgn: 25 Sel: Tourney Trny: 3 Mut: 0 MI: 0,1 Elit: 0 
"29/05/2022 18:45",48,-15262,-17795,P: 750 G: 50 - 500 Stgn: 25 Sel: Tourney Trny: 3 Mut: 0 MI: 0,1 Elit: 0 
"29/05/2022 18:47",49,-15673,-17681,P: 750 G: 50 - 500 Stgn: 25 Sel: Tourney Trny: 3 Mut: 0 MI: 0,1 Elit: 0 
"29/05/2022 18:48",50,-15105,-17503,P: 750 G: 50 - 500 Stgn: 25 Sel: Tourney Trny: 3 Mut: 0 MI: 0,1 Elit: 0 
"29/05/2022 18:49",51,-15040,-17357,P: 750 G: 50 - 500 Stgn: 25 Sel: Tourney Trny: 3 Mut: 0 MI: 0,1 Elit: 0 
"29/05/2022 18:50",52,-14823,-17237,P: 750 G: 50 - 500 Stgn: 25 Sel: Tourney Trny: 3 Mut: 0 MI: 0,1 Elit: 0 
"29/05/2022 18:51",53,-14698,-17118,P: 750 G: 50 - 500 Stgn: 25 Sel: Tourney Trny: 3 Mut: 0 MI: 0,1 Elit: 0 
"29/05/2022 18:51",54,-14693,-17001,P: 750 G: 50 - 500 Stgn: 25 Sel: Tourney Trny: 3 Mut: 0 MI: 0,1 Elit: 0 
"29/05/2022 18:52",55,-14470,-16923,P: 750 G: 50 - 500 Stgn: 25 Sel: Tourney Trny: 3 Mut: 0 MI: 0,1 Elit: 0 
"29/05/2022 18:53",56,-14438,-16826,P: 750 G: 50 - 500 Stgn: 25 Sel: Tourney Trny: 3 Mut: 0 MI: 0,1 Elit: 0 
"29/05/2022 18:53",57,-14518,-16740,P: 750 G: 50 - 500 Stgn: 25 Sel: Tourney Trny: 3 Mut: 0 MI: 0,1 Elit: 0 
"29/05/2022 18:54",58,-14428,-16680,P: 750 G: 50 - 500 Stgn: 25 Sel: Tourney Trny: 3 Mut: 0 MI: 0,1 Elit: 0 
"29/05/2022 18:55",59,-14181,-16569,P: 750 G: 50 - 500 Stgn: 25 Sel: Tourney Trny: 3 Mut: 0 MI: 0,1 Elit: 0 
"29/05/2022 18:55",60,-13821,-16469,P: 750 G: 50 - 500 Stgn: 25 Sel: Tourney Trny: 3 Mut: 0 MI: 0,1 Elit: 0 
"29/05/2022 18:56",61,-14242,-16455,P: 750 G: 50 - 500 Stgn: 25 Sel: Tourney Trny: 3 Mut: 0 MI: 0,1 Elit: 0 
"29/05/2022 18:57",62,-13868,-16366,P: 750 G: 50 - 500 Stgn: 25 Sel: Tourney Trny: 3 Mut: 0 MI: 0,1 Elit: 0 
"29/05/2022 18:57",63,-13923,-16275,P: 750 G: 50 - 500 Stgn: 25 Sel: Tourney Trny: 3 Mut: 0 MI: 0,1 Elit: 0 
"29/05/2022 18:58",64,-14268,-16253,P: 750 G: 50 - 500 Stgn: 25 Sel: Tourney Trny: 3 Mut: 0 MI: 0,1 Elit: 0 
"29/05/2022 18:59",65,-13947,-16185,P: 750 G: 50 - 500 Stgn: 25 Sel: Tourney Trny: 3 Mut: 0 MI: 0,1 Elit: 0 
"29/05/2022 18:59",66,-13697,-16081,P: 750 G: 50 - 500 Stgn: 25 Sel: Tourney Trny: 3 Mut: 0 MI: 0,1 Elit: 0 
"29/05/2022 19:00",67,-13375,-16065,P: 750 G: 50 - 500 Stgn: 25 Sel: Tourney Trny: 3 Mut: 0 MI: 0,1 Elit: 0 
"29/05/2022 19:01",68,-13631,-15975,P: 750 G: 50 - 500 Stgn: 25 Sel: Tourney Trny: 3 Mut: 0 MI: 0,1 Elit: 0 
"29/05/2022 19:01",69,-13475,-15957,P: 750 G: 50 - 500 Stgn: 25 Sel: Tourney Trny: 3 Mut: 0 MI: 0,1 Elit: 0 
"29/05/2022 22:59",0,-73912,-100372,P: 700 G: 10 - 30 Stgn: 25 Sel: Tourney Trny: 3 Mut: 0 MI: 0,1 Elit: 0 
"30/05/2022 16:08",0,-71373,-99804,P: 750 G: 50 - 500 Stgn: 25 Sel: Ranked Trny: 3 Mut: 0 MI: 0,1 Elit: 0 
"30/05/2022 16:09",1,-70086,-93738,P: 750 G: 50 - 500 Stgn: 25 Sel: Ranked Trny: 3 Mut: 0 MI: 0,1 Elit: 0 
"30/05/2022 16:10",2,-63186,-88433,P: 750 G: 50 - 500 Stgn: 25 Sel: Ranked Trny: 3 Mut: 0 MI: 0,1 Elit: 0 
"30/05/2022 16:12",3,-58031,-83753,P: 750 G: 50 - 500 Stgn: 25 Sel: Ranked Trny: 3 Mut: 0 MI: 0,1 Elit: 0 
"30/05/2022 16:13",4,-57609,-78845,P: 750 G: 50 - 500 Stgn: 25 Sel: Ranked Trny: 3 Mut: 0 MI: 0,1 Elit: 0 
"30/05/2022 16:14",5,-54316,-74196,P: 750 G: 50 - 500 Stgn: 25 Sel: Ranked Trny: 3 Mut: 0 MI: 0,1 Elit: 0 
"30/05/2022 16:16",6,-56360,-70217,P: 750 G: 50 - 500 Stgn: 25 Sel: Ranked Trny: 3 Mut: 0 MI: 0,1 Elit: 0 
"30/05/2022 16:16",7,-51343,-66487,P: 750 G: 50 - 500 Stgn: 25 Sel: Ranked Trny: 3 Mut: 0 MI: 0,1 Elit: 0 
"30/05/2022 16:17",8,-46915,-63306,P: 750 G: 50 - 500 Stgn: 25 Sel: Ranked Trny: 3 Mut: 0 MI: 0,1 Elit: 0 
"30/05/2022 16:18",9,-47369,-60133,P: 750 G: 50 - 500 Stgn: 25 Sel: Ranked Trny: 3 Mut: 0 MI: 0,1 Elit: 0 
"30/05/2022 16:18",10,-44530,-57415,P: 750 G: 50 - 500 Stgn: 25 Sel: Ranked Trny: 3 Mut: 0 MI: 0,1 Elit: 0 
"30/05/2022 16:19",11,-40240,-54219,P: 750 G: 50 - 500 Stgn: 25 Sel: Ranked Trny: 3 Mut: 0 MI: 0,1 Elit: 0 
"30/05/2022 16:20",12,-39210,-51136,P: 750 G: 50 - 500 Stgn: 25 Sel: Ranked Trny: 3 Mut: 0 MI: 0,1 Elit: 0 
"30/05/2022 16:20",13,-38798,-48412,P: 750 G: 50 - 500 Stgn: 25 Sel: Ranked Trny: 3 Mut: 0 MI: 0,1 Elit: 0 
"30/05/2022 16:21",14,-37649,-45773,P: 750 G: 50 - 500 Stgn: 25 Sel: Ranked Trny: 3 Mut: 0 MI: 0,1 Elit: 0 
"30/05/2022 16:22",15,-34719,-43640,P: 750 G: 50 - 500 Stgn: 25 Sel: Ranked Trny: 3 Mut: 0 MI: 0,1 Elit: 0 
"30/05/2022 16:23",16,-34520,-41656,P: 750 G: 50 - 500 Stgn: 25 Sel: Ranked Trny: 3 Mut: 0 MI: 0,1 Elit: 0 
"30/05/2022 16:23",17,-32848,-39872,P: 750 G: 50 - 500 Stgn: 25 Sel: Ranked Trny: 3 Mut: 0 MI: 0,1 Elit: 0 
"30/05/2022 16:24",18,-29240,-38240,P: 750 G: 50 - 500 Stgn: 25 Sel: Ranked Trny: 3 Mut: 0 MI: 0,1 Elit: 0 
"30/05/2022 16:25",19,-30967,-36734,P: 750 G: 50 - 500 Stgn: 25 Sel: Ranked Trny: 3 Mut: 0 MI: 0,1 Elit: 0 
"30/05/2022 16:26",20,-27320,-35263,P: 750 G: 50 - 500 Stgn: 25 Sel: Ranked Trny: 3 Mut: 0 MI: 0,1 Elit: 0 
"30/05/2022 16:26",21,-27818,-33859,P: 750 G: 50 - 500 Stgn: 25 Sel: Ranked Trny: 3 Mut: 0 MI: 0,1 Elit: 0 
"30/05/2022 16:27",22,-27489,-32740,P: 750 G: 50 - 500 Stgn: 25 Sel: Ranked Trny: 3 Mut: 0 MI: 0,1 Elit: 0 
"30/05/2022 16:28",23,-26075,-31514,P: 750 G: 50 - 500 Stgn: 25 Sel: Ranked Trny: 3 Mut: 0 MI: 0,1 Elit: 0 
"30/05/2022 16:29",24,-26083,-30450,P: 750 G: 50 - 500 Stgn: 25 Sel: Ranked Trny: 3 Mut: 0 MI: 0,1 Elit: 0 
"30/05/2022 16:29",25,-24613,-29476,P: 750 G: 50 - 500 Stgn: 25 Sel: Ranked Trny: 3 Mut: 0 MI: 0,1 Elit: 0 
"30/05/2022 16:30",26,-24075,-28486,P: 750 G: 50 - 500 Stgn: 25 Sel: Ranked Trny: 3 Mut: 0 MI: 0,1 Elit: 0 
"30/05/2022 16:31",27,-22871,-27635,P: 750 G: 50 - 500 Stgn: 25 Sel: Ranked Trny: 3 Mut: 0 MI: 0,1 Elit: 0 
"30/05/2022 16:32",28,-23251,-26853,P: 750 G: 50 - 500 Stgn: 25 Sel: Ranked Trny: 3 Mut: 0 MI: 0,1 Elit: 0 
"30/05/2022 16:33",29,-22085,-26188,P: 750 G: 50 - 500 Stgn: 25 Sel: Ranked Trny: 3 Mut: 0 MI: 0,1 Elit: 0 
"30/05/2022 16:33",30,-21682,-25529,P: 750 G: 50 - 500 Stgn: 25 Sel: Ranked Trny: 3 Mut: 0 MI: 0,1 Elit: 0 
"30/05/2022 16:34",31,-21327,-24860,P: 750 G: 50 - 500 Stgn: 25 Sel: Ranked Trny: 3 Mut: 0 MI: 0,1 Elit: 0 
"30/05/2022 16:35",32,-20593,-24404,P: 750 G: 50 - 500 Stgn: 25 Sel: Ranked Trny: 3 Mut: 0 MI: 0,1 Elit: 0 
"30/05/2022 16:36",33,-20633,-23841,P: 750 G: 50 - 500 Stgn: 25 Sel: Ranked Trny: 3 Mut: 0 MI: 0,1 Elit: 0 
"30/05/2022 16:37",34,-20033,-23268,P: 750 G: 50 - 500 Stgn: 25 Sel: Ranked Trny: 3 Mut: 0 MI: 0,1 Elit: 0 
"30/05/2022 16:37",35,-19266,-22804,P: 750 G: 50 - 500 Stgn: 25 Sel: Ranked Trny: 3 Mut: 0 MI: 0,1 Elit: 0 
"30/05/2022 16:38",36,-19551,-22379,P: 750 G: 50 - 500 Stgn: 25 Sel: Ranked Trny: 3 Mut: 0 MI: 0,1 Elit: 0 
"30/05/2022 16:39",37,-19222,-22074,P: 750 G: 50 - 500 Stgn: 25 Sel: Ranked Trny: 3 Mut: 0 MI: 0,1 Elit: 0 
"30/05/2022 16:40",38,-18439,-21660,P: 750 G: 50 - 500 Stgn: 25 Sel: Ranked Trny: 3 Mut: 0 MI: 0,1 Elit: 0 
"30/05/2022 16:40",39,-18111,-21407,P: 750 G: 50 - 500 Stgn: 25 Sel: Ranked Trny: 3 Mut: 0 MI: 0,1 Elit: 0 
"30/05/2022 16:41",40,-17930,-20980,P: 750 G: 50 - 500 Stgn: 25 Sel: Ranked Trny: 3 Mut: 0 MI: 0,1 Elit: 0 
"30/05/2022 16:42",41,-17919,-20725,P: 750 G: 50 - 500 Stgn: 25 Sel: Ranked Trny: 3 Mut: 0 MI: 0,1 Elit: 0 
"30/05/2022 16:43",42,-16887,-20360,P: 750 G: 50 - 500 Stgn: 25 Sel: Ranked Trny: 3 Mut: 0 MI: 0,1 Elit: 0 
"30/05/2022 16:44",43,-17380,-20094,P: 750 G: 50 - 500 Stgn: 25 Sel: Ranked Trny: 3 Mut: 0 MI: 0,1 Elit: 0 
"30/05/2022 16:44",44,-17035,-19872,P: 750 G: 50 - 500 Stgn: 25 Sel: Ranked Trny: 3 Mut: 0 MI: 0,1 Elit: 0 
"30/05/2022 16:45",45,-16732,-19637,P: 750 G: 50 - 500 Stgn: 25 Sel: Ranked Trny: 3 Mut: 0 MI: 0,1 Elit: 0 
"30/05/2022 16:46",46,-16764,-19400,P: 750 G: 50 - 500 Stgn: 25 Sel: Ranked Trny: 3 Mut: 0 MI: 0,1 Elit: 0 
"30/05/2022 16:47",47,-16664,-19212,P: 750 G: 50 - 500 Stgn: 25 Sel: Ranked Trny: 3 Mut: 0 MI: 0,1 Elit: 0 
"30/05/2022 16:48",48,-16456,-18985,P: 750 G: 50 - 500 Stgn: 25 Sel: Ranked Trny: 3 Mut: 0 MI: 0,1 Elit: 0 
"30/05/2022 16:48",49,-16459,-18746,P: 750 G: 50 - 500 Stgn: 25 Sel: Ranked Trny: 3 Mut: 0 MI: 0,1 Elit: 0 
"30/05/2022 16:49",50,-16353,-18601,P: 750 G: 50 - 500 Stgn: 25 Sel: Ranked Trny: 3 Mut: 0 MI: 0,1 Elit: 0 
"30/05/2022 16:50",51,-15485,-18481,P: 750 G: 50 - 500 Stgn: 25 Sel: Ranked Trny: 3 Mut: 0 MI: 0,1 Elit: 0 
"30/05/2022 16:51",52,-15554,-18330,P: 750 G: 50 - 500 Stgn: 25 Sel: Ranked Trny: 3 Mut: 0 MI: 0,1 Elit: 0 
"30/05/2022 16:52",53,-15941,-18225,P: 750 G: 50 - 500 Stgn: 25 Sel: Ranked Trny: 3 Mut: 0 MI: 0,1 Elit: 0 
"30/05/2022 16:52",54,-15500,-17994,P: 750 G: 50 - 500 Stgn: 25 Sel: Ranked Trny: 3 Mut: 0 MI: 0,1 Elit: 0 
"30/05/2022 16:53",55,-15333,-17880,P: 750 G: 50 - 500 Stgn: 25 Sel: Ranked Trny: 3 Mut: 0 MI: 0,1 Elit: 0 
"30/05/2022 16:54",56,-15123,-17821,P: 750 G: 50 - 500 Stgn: 25 Sel: Ranked Trny: 3 Mut: 0 MI: 0,1 Elit: 0 
"30/05/2022 16:55",57,-14647,-17712,P: 750 G: 50 - 500 Stgn: 25 Sel: Ranked Trny: 3 Mut: 0 MI: 0,1 Elit: 0 
"30/05/2022 16:56",58,-15417,-17573,P: 750 G: 50 - 500 Stgn: 25 Sel: Ranked Trny: 3 Mut: 0 MI: 0,1 Elit: 0 
"30/05/2022 16:56",59,-14766,-17373,P: 750 G: 50 - 500 Stgn: 25 Sel: Ranked Trny: 3 Mut: 0 MI: 0,1 Elit: 0 
"30/05/2022 16:57",60,-14463,-17301,P: 750 G: 50 - 500 Stgn: 25 Sel: Ranked Trny: 3 Mut: 0 MI: 0,1 Elit: 0 
"30/05/2022 16:58",61,-14589,-17128,P: 750 G: 50 - 500 Stgn: 25 Sel: Ranked Trny: 3 Mut: 0 MI: 0,1 Elit: 0 
"30/05/2022 16:59",62,-14923,-17069,P: 750 G: 50 - 500 Stgn: 25 Sel: Ranked Trny: 3 Mut: 0 MI: 0,1 Elit: 0 
"30/05/2022 17:00",63,-14402,-16987,P: 750 G: 50 - 500 Stgn: 25 Sel: Ranked Trny: 3 Mut: 0 MI: 0,1 Elit: 0 
"30/05/2022 17:00",64,-13952,-16840,P: 750 G: 50 - 500 Stgn: 25 Sel: Ranked Trny: 3 Mut: 0 MI: 0,1 Elit: 0 
"30/05/2022 17:01",65,-14093,-16750,P: 750 G: 50 - 500 Stgn: 25 Sel: Ranked Trny: 3 Mut: 0 MI: 0,1 Elit: 0 
"30/05/2022 17:02",66,-14391,-16657,P: 750 G: 50 - 500 Stgn: 25 Sel: Ranked Trny: 3 Mut: 0 MI: 0,1 Elit: 0 
"30/05/2022 17:03",67,-14248,-16615,P: 750 G: 50 - 500 Stgn: 25 Sel: Ranked Trny: 3 Mut: 0 MI: 0,1 Elit: 0 
"30/05/2022 17:04",68,-14010,-16542,P: 750 G: 50 - 500 Stgn: 25 Sel: Ranked Trny: 3 Mut: 0 MI: 0,1 Elit: 0 
"30/05/2022 17:04",69,-13940,-16426,P: 750 G: 50 - 500 Stgn: 25 Sel: Ranked Trny: 3 Mut: 0 MI: 0,1 Elit: 0 
"30/05/2022 17:05",70,-14110,-16372,P: 750 G: 50 - 500 Stgn: 25 Sel: Ranked Trny: 3 Mut: 0 MI: 0,1 Elit: 0 
"30/05/2022 17:06",71,-14072,-16329,P: 750 G: 50 - 500 Stgn: 25 Sel: Ranked Trny: 3 Mut: 0 MI: 0,1 Elit: 0 
"30/05/2022 17:07",72,-13992,-16287,P: 750 G: 50 - 500 Stgn: 25 Sel: Ranked Trny: 3 Mut: 0 MI: 0,1 Elit: 0 
"30/05/2022 17:08",73,-13963,-16224,P: 750 G: 50 - 500 Stgn: 25 Sel: Ranked Trny: 3 Mut: 0 MI: 0,1 Elit: 0 
"30/05/2022 17:09",74,-14330,-16180,P: 750 G: 50 - 500 Stgn: 25 Sel: Ranked Trny: 3 Mut: 0 MI: 0,1 Elit: 0 
"30/05/2022 17:09",75,-14075,-16022,P: 750 G: 50 - 500 Stgn: 25 Sel: Ranked Trny: 3 Mut: 0 MI: 0,1 Elit: 0 
"30/05/2022 17:10",76,-13797,-16067,P: 750 G: 50 - 500 Stgn: 25 Sel: Ranked Trny: 3 Mut: 0 MI: 0,1 Elit: 0 
"30/05/2022 17:11",77,-13734,-16019,P: 750 G: 50 - 500 Stgn: 25 Sel: Ranked Trny: 3 Mut: 0 MI: 0,1 Elit: 0 
"30/05/2022 17:12",78,-13544,-15950,P: 750 G: 50 - 500 Stgn: 25 Sel: Ranked Trny: 3 Mut: 0 MI: 0,1 Elit: 0 
"30/05/2022 17:13",79,-13491,-15879,P: 750 G: 50 - 500 Stgn: 25 Sel: Ranked Trny: 3 Mut: 0 MI: 0,1 Elit: 0 
"30/05/2022 17:13",80,-13554,-15815,P: 750 G: 50 - 500 Stgn: 25 Sel: Ranked Trny: 3 Mut: 0 MI: 0,1 Elit: 0 
"30/05/2022 17:14",81,-13307,-15796,P: 750 G: 50 - 500 Stgn: 25 Sel: Ranked Trny: 3 Mut: 0 MI: 0,1 Elit: 0 
"30/05/2022 17:15",82,-13645,-15699,P: 750 G: 50 - 500 Stgn: 25 Sel: Ranked Trny: 3 Mut: 0 MI: 0,1 Elit: 0 
"30/05/2022 17:16",83,-13325,-15692,P: 750 G: 50 - 500 Stgn: 25 Sel: Ranked Trny: 3 Mut: 0 MI: 0,1 Elit: 0 
"30/05/2022 17:17",84,-13581,-15633,P: 750 G: 50 - 500 Stgn: 25 Sel: Ranked Trny: 3 Mut: 0 MI: 0,1 Elit: 0 
"30/05/2022 17:17",85,-13560,-15573,P: 750 G: 50 - 500 Stgn: 25 Sel: Ranked Trny: 3 Mut: 0 MI: 0,1 Elit: 0 
"30/05/2022 17:18",86,-13191,-15498,P: 750 G: 50 - 500 Stgn: 25 Sel: Ranked Trny: 3 Mut: 0 MI: 0,1 Elit: 0 
"30/05/2022 17:19",87,-13100,-15488,P: 750 G: 50 - 500 Stgn: 25 Sel: Ranked Trny: 3 Mut: 0 MI: 0,1 Elit: 0 
"30/05/2022 17:20",88,-13399,-15480,P: 750 G: 50 - 500 Stgn: 25 Sel: Ranked Trny: 3 Mut: 0 MI: 0,1 Elit: 0 
"30/05/2022 17:21",89,-12879,-15411,P: 750 G: 50 - 500 Stgn: 25 Sel: Ranked Trny: 3 Mut: 0 MI: 0,1 Elit: 0 
"30/05/2022 17:21",90,-13348,-15379,P: 750 G: 50 - 500 Stgn: 25 Sel: Ranked Trny: 3 Mut: 0 MI: 0,1 Elit: 0 
"30/05/2022 17:22",91,-12422,-15354,P: 750 G: 50 - 500 Stgn: 25 Sel: Ranked Trny: 3 Mut: 0 MI: 0,1 Elit: 0 
"30/05/2022 17:23",92,-13190,-15354,P: 750 G: 50 - 500 Stgn: 25 Sel: Ranked Trny: 3 Mut: 0 MI: 0,1 Elit: 0 
"30/05/2022 17:24",93,-13331,-15362,P: 750 G: 50 - 500 Stgn: 25 Sel: Ranked Trny: 3 Mut: 0 MI: 0,1 Elit: 0 
"30/05/2022 17:25",94,-13497,-15266,P: 750 G: 50 - 500 Stgn: 25 Sel: Ranked Trny: 3 Mut: 0 MI: 0,1 Elit: 0 
"30/05/2022 17:25",95,-13005,-15256,P: 750 G: 50 - 500 Stgn: 25 Sel: Ranked Trny: 3 Mut: 0 MI: 0,1 Elit: 0 
"30/05/2022 17:26",96,-12854,-15198,P: 750 G: 50 - 500 Stgn: 25 Sel: Ranked Trny: 3 Mut: 0 MI: 0,1 Elit: 0 
"30/05/2022 17:27",97,-12910,-15219,P: 750 G: 50 - 500 Stgn: 25 Sel: Ranked Trny: 3 Mut: 0 MI: 0,1 Elit: 0 
"30/05/2022 17:28",98,-13154,-15157,P: 750 G: 50 - 500 Stgn: 25 Sel: Ranked Trny: 3 Mut: 0 MI: 0,1 Elit: 0 
"30/05/2022 17:29",99,-12935,-15110,P: 750 G: 50 - 500 Stgn: 25 Sel: Ranked Trny: 3 Mut: 0 MI: 0,1 Elit: 0 
"30/05/2022 17:29",100,-12468,-15119,P: 750 G: 50 - 500 Stgn: 25 Sel: Ranked Trny: 3 Mut: 0 MI: 0,1 Elit: 0 
"30/05/2022 17:30",101,-13073,-15053,P: 750 G: 50 - 500 Stgn: 25 Sel: Ranked Trny: 3 Mut: 0 MI: 0,1 Elit: 0 
"30/05/2022 17:31",102,-12351,-15064,P: 750 G: 50 - 500 Stgn: 25 Sel: Ranked Trny: 3 Mut: 0 MI: 0,1 Elit: 0 
"30/05/2022 17:32",103,-13116,-14960,P: 750 G: 50 - 500 Stgn: 25 Sel: Ranked Trny: 3 Mut: 0 MI: 0,1 Elit: 0 
"30/05/2022 17:33",104,-13012,-14978,P: 750 G: 50 - 500 Stgn: 25 Sel: Ranked Trny: 3 Mut: 0 MI: 0,1 Elit: 0 
"30/05/2022 17:33",105,-12594,-15000,P: 750 G: 50 - 500 Stgn: 25 Sel: Ranked Trny: 3 Mut: 0 MI: 0,1 Elit: 0 
"30/05/2022 17:34",106,-12910,-14928,P: 750 G: 50 - 500 Stgn: 25 Sel: Ranked Trny: 3 Mut: 0 MI: 0,1 Elit: 0 
"30/05/2022 17:35",107,-12637,-14898,P: 750 G: 50 - 500 Stgn: 25 Sel: Ranked Trny: 3 Mut: 0 MI: 0,1 Elit: 0 
"30/05/2022 17:36",108,-12722,-14889,P: 750 G: 50 - 500 Stgn: 25 Sel: Ranked Trny: 3 Mut: 0 MI: 0,1 Elit: 0 
"30/05/2022 17:37",109,-12829,-14887,P: 750 G: 50 - 500 Stgn: 25 Sel: Ranked Trny: 3 Mut: 0 MI: 0,1 Elit: 0 
"30/05/2022 17:37",110,-12796,-14888,P: 750 G: 50 - 500 Stgn: 25 Sel: Ranked Trny: 3 Mut: 0 MI: 0,1 Elit: 0 
"30/05/2022 17:38",111,-12821,-14823,P: 750 G: 50 - 500 Stgn: 25 Sel: Ranked Trny: 3 Mut: 0 MI: 0,1 Elit: 0 
"30/05/2022 17:39",112,-12761,-14744,P: 750 G: 50 - 500 Stgn: 25 Sel: Ranked Trny: 3 Mut: 0 MI: 0,1 Elit: 0 
"30/05/2022 17:40",113,-12504,-14758,P: 750 G: 50 - 500 Stgn: 25 Sel: Ranked Trny: 3 Mut: 0 MI: 0,1 Elit: 0 
"30/05/2022 17:41",114,-12473,-14830,P: 750 G: 50 - 500 Stgn: 25 Sel: Ranked Trny: 3 Mut: 0 MI: 0,1 Elit: 0 
"30/05/2022 17:41",115,-12730,-14736,P: 750 G: 50 - 500 Stgn: 25 Sel: Ranked Trny: 3 Mut: 0 MI: 0,1 Elit: 0 
"30/05/2022 17:42",116,-12509,-14720,P: 750 G: 50 - 500 Stgn: 25 Sel: Ranked Trny: 3 Mut: 0 MI: 0,1 Elit: 0 
"30/05/2022 17:43",117,-12550,-14668,P: 750 G: 50 - 500 Stgn: 25 Sel: Ranked Trny: 3 Mut: 0 MI: 0,1 Elit: 0 
"30/05/2022 17:44",118,-12821,-14752,P: 750 G: 50 - 500 Stgn: 25 Sel: Ranked Trny: 3 Mut: 0 MI: 0,1 Elit: 0 
"30/05/2022 17:45",119,-12521,-14760,P: 750 G: 50 - 500 Stgn: 25 Sel: Ranked Trny: 3 Mut: 0 MI: 0,1 Elit: 0 
"30/05/2022 17:45",120,-12440,-14666,P: 750 G: 50 - 500 Stgn: 25 Sel: Ranked Trny: 3 Mut: 0 MI: 0,1 Elit: 0 
"30/05/2022 17:46",121,-12626,-14661,P: 750 G: 50 - 500 Stgn: 25 Sel: Ranked Trny: 3 Mut: 0 MI: 0,1 Elit: 0 
"30/05/2022 17:47",122,-12679,-14672,P: 750 G: 50 - 500 Stgn: 25 Sel: Ranked Trny: 3 Mut: 0 MI: 0,1 Elit: 0 
"30/05/2022 17:48",123,-12436,-14585,P: 750 G: 50 - 500 Stgn: 25 Sel: Ranked Trny: 3 Mut: 0 MI: 0,1 Elit: 0 
"30/05/2022 17:49",124,-12670,-14643,P: 750 G: 50 - 500 Stgn: 25 Sel: Ranked Trny: 3 Mut: 0 MI: 0,1 Elit: 0 
"30/05/2022 17:49",125,-12287,-14624,P: 750 G: 50 - 500 Stgn: 25 Sel: Ranked Trny: 3 Mut: 0 MI: 0,1 Elit: 0 
"30/05/2022 17:50",126,-12429,-14558,P: 750 G: 50 - 500 Stgn: 25 Sel: Ranked Trny: 3 Mut: 0 MI: 0,1 Elit: 0 
"30/05/2022 17:51",127,-12581,-14551,P: 750 G: 50 - 500 Stgn: 25 Sel: Ranked Trny: 3 Mut: 0 MI: 0,1 Elit: 0 
"30/05/2022 17:52",128,-12385,-14546,P: 750 G: 50 - 500 Stgn: 25 Sel: Ranked Trny: 3 Mut: 0 MI: 0,1 Elit: 0 
"30/05/2022 17:53",129,-12148,-14514,P: 750 G: 50 - 500 Stgn: 25 Sel: Ranked Trny: 3 Mut: 0 MI: 0,1 Elit: 0 
"30/05/2022 17:53",130,-12300,-14505,P: 750 G: 50 - 500 Stgn: 25 Sel: Ranked Trny: 3 Mut: 0 MI: 0,1 Elit: 0 
"30/05/2022 17:54",131,-11920,-14494,P: 750 G: 50 - 500 Stgn: 25 Sel: Ranked Trny: 3 Mut: 0 MI: 0,1 Elit: 0 
"30/05/2022 17:55",132,-12003,-14515,P: 750 G: 50 - 500 Stgn: 25 Sel: Ranked Trny: 3 Mut: 0 MI: 0,1 Elit: 0 
"30/05/2022 17:56",133,-12343,-14503,P: 750 G: 50 - 500 Stgn: 25 Sel: Ranked Trny: 3 Mut: 0 MI: 0,1 Elit: 0 
"30/05/2022 17:57",134,-12059,-14459,P: 750 G: 50 - 500 Stgn: 25 Sel: Ranked Trny: 3 Mut: 0 MI: 0,1 Elit: 0 
"30/05/2022 17:57",135,-11427,-14444,P: 750 G: 50 - 500 Stgn: 25 Sel: Ranked Trny: 3 Mut: 0 MI: 0,1 Elit: 0 
"30/05/2022 17:58",136,-12519,-14449,P: 750 G: 50 - 500 Stgn: 25 Sel: Ranked Trny: 3 Mut: 0 MI: 0,1 Elit: 0 
"30/05/2022 17:59",137,-11945,-14458,P: 750 G: 50 - 500 Stgn: 25 Sel: Ranked Trny: 3 Mut: 0 MI: 0,1 Elit: 0 
"30/05/2022 18:00",138,-12444,-14442,P: 750 G: 50 - 500 Stgn: 25 Sel: Ranked Trny: 3 Mut: 0 MI: 0,1 Elit: 0 
"30/05/2022 18:01",139,-12317,-14429,P: 750 G: 50 - 500 Stgn: 25 Sel: Ranked Trny: 3 Mut: 0 MI: 0,1 Elit: 0 
"30/05/2022 18:01",140,-12208,-14430,P: 750 G: 50 - 500 Stgn: 25 Sel: Ranked Trny: 3 Mut: 0 MI: 0,1 Elit: 0 
"30/05/2022 18:02",141,-12498,-14397,P: 750 G: 50 - 500 Stgn: 25 Sel: Ranked Trny: 3 Mut: 0 MI: 0,1 Elit: 0 
"30/05/2022 18:03",142,-12340,-14399,P: 750 G: 50 - 500 Stgn: 25 Sel: Ranked Trny: 3 Mut: 0 MI: 0,1 Elit: 0 
"30/05/2022 18:04",143,-12063,-14409,P: 750 G: 50 - 500 Stgn: 25 Sel: Ranked Trny: 3 Mut: 0 MI: 0,1 Elit: 0 
"30/05/2022 18:05",144,-12098,-14388,P: 750 G: 50 - 500 Stgn: 25 Sel: Ranked Trny: 3 Mut: 0 MI: 0,1 Elit: 0 
"30/05/2022 18:05",145,-11546,-14411,P: 750 G: 50 - 500 Stgn: 25 Sel: Ranked Trny: 3 Mut: 0 MI: 0,1 Elit: 0 
"30/05/2022 18:06",146,-11976,-14386,P: 750 G: 50 - 500 Stgn: 25 Sel: Ranked Trny: 3 Mut: 0 MI: 0,1 Elit: 0 
"30/05/2022 18:07",147,-12094,-14333,P: 750 G: 50 - 500 Stgn: 25 Sel: Ranked Trny: 3 Mut: 0 MI: 0,1 Elit: 0 
"30/05/2022 18:08",148,-12399,-14336,P: 750 G: 50 - 500 Stgn: 25 Sel: Ranked Trny: 3 Mut: 0 MI: 0,1 Elit: 0 
"30/05/2022 18:09",149,-11933,-14344,P: 750 G: 50 - 500 Stgn: 25 Sel: Ranked Trny: 3 Mut: 0 MI: 0,1 Elit: 0 
"30/05/2022 18:09",150,-12223,-14328,P: 750 G: 50 - 500 Stgn: 25 Sel: Ranked Trny: 3 Mut: 0 MI: 0,1 Elit: 0 
"30/05/2022 18:10",151,-12357,-14376,P: 750 G: 50 - 500 Stgn: 25 Sel: Ranked Trny: 3 Mut: 0 MI: 0,1 Elit: 0 
"30/05/2022 18:11",152,-12415,-14365,P: 750 G: 50 - 500 Stgn: 25 Sel: Ranked Trny: 3 Mut: 0 MI: 0,1 Elit: 0 
"30/05/2022 18:12",153,-11873,-14336,P: 750 G: 50 - 500 Stgn: 25 Sel: Ranked Trny: 3 Mut: 0 MI: 0,1 Elit: 0 
"30/05/2022 18:13",154,-11943,-14341,P: 750 G: 50 - 500 Stgn: 25 Sel: Ranked Trny: 3 Mut: 0 MI: 0,1 Elit: 0 
"30/05/2022 18:13",155,-12212,-14329,P: 750 G: 50 - 500 Stgn: 25 Sel: Ranked Trny: 3 Mut: 0 MI: 0,1 Elit: 0 
"30/05/2022 18:14",156,-12354,-14309,P: 750 G: 50 - 500 Stgn: 25 Sel: Ranked Trny: 3 Mut: 0 MI: 0,1 Elit: 0 
"30/05/2022 18:15",157,-11922,-14319,P: 750 G: 50 - 500 Stgn: 25 Sel: Ranked Trny: 3 Mut: 0 MI: 0,1 Elit: 0 
"30/05/2022 18:16",158,-12072,-14334,P: 750 G: 50 - 500 Stgn: 25 Sel: Ranked Trny: 3 Mut: 0 MI: 0,1 Elit: 0 
"30/05/2022 18:17",159,-12321,-14275,P: 750 G: 50 - 500 Stgn: 25 Sel: Ranked Trny: 3 Mut: 0 MI: 0,1 Elit: 0 
"30/05/2022 18:17",160,-11887,-14285,P: 750 G: 50 - 500 Stgn: 25 Sel: Ranked Trny: 3 Mut: 0 MI: 0,1 Elit: 0 
"30/05/2022 18:18",161,-12084,-14285,P: 750 G: 50 - 500 Stgn: 25 Sel: Ranked Trny: 3 Mut: 0 MI: 0,1 Elit: 0 
"30/05/2022 18:19",162,-11958,-14298,P: 750 G: 50 - 500 Stgn: 25 Sel: Ranked Trny: 3 Mut: 0 MI: 0,1 Elit: 0 
"30/05/2022 18:20",163,-12150,-14219,P: 750 G: 50 - 500 Stgn: 25 Sel: Ranked Trny: 3 Mut: 0 MI: 0,1 Elit: 0 
"30/05/2022 18:21",164,-12274,-14269,P: 750 G: 50 - 500 Stgn: 25 Sel: Ranked Trny: 3 Mut: 0 MI: 0,1 Elit: 0 
"30/05/2022 18:21",165,-12121,-14239,P: 750 G: 50 - 500 Stgn: 25 Sel: Ranked Trny: 3 Mut: 0 MI: 0,1 Elit: 0 
"30/05/2022 18:22",166,-11940,-14286,P: 750 G: 50 - 500 Stgn: 25 Sel: Ranked Trny: 3 Mut: 0 MI: 0,1 Elit: 0 
"30/05/2022 18:23",167,-11822,-14229,P: 750 G: 50 - 500 Stgn: 25 Sel: Ranked Trny: 3 Mut: 0 MI: 0,1 Elit: 0 
"30/05/2022 18:24",168,-12237,-14284,P: 750 G: 50 - 500 Stgn: 25 Sel: Ranked Trny: 3 Mut: 0 MI: 0,1 Elit: 0 
"30/05/2022 18:25",169,-12028,-14237,P: 750 G: 50 - 500 Stgn: 25 Sel: Ranked Trny: 3 Mut: 0 MI: 0,1 Elit: 0 
"30/05/2022 18:26",170,-11908,-14214,P: 750 G: 50 - 500 Stgn: 25 Sel: Ranked Trny: 3 Mut: 0 MI: 0,1 Elit: 0 
"30/05/2022 18:26",171,-12114,-14209,P: 750 G: 50 - 500 Stgn: 25 Sel: Ranked Trny: 3 Mut: 0 MI: 0,1 Elit: 0 
"30/05/2022 18:27",172,-11806,-14222,P: 750 G: 50 - 500 Stgn: 25 Sel: Ranked Trny: 3 Mut: 0 MI: 0,1 Elit: 0 
"30/05/2022 18:28",173,-11912,-14132,P: 750 G: 50 - 500 Stgn: 25 Sel: Ranked Trny: 3 Mut: 0 MI: 0,1 Elit: 0 
"30/05/2022 18:29",174,-11927,-14230,P: 750 G: 50 - 500 Stgn: 25 Sel: Ranked Trny: 3 Mut: 0 MI: 0,1 Elit: 0 
"30/05/2022 18:30",175,-12005,-14193,P: 750 G: 50 - 500 Stgn: 25 Sel: Ranked Trny: 3 Mut: 0 MI: 0,1 Elit: 0 
"30/05/2022 18:30",176,-12070,-14217,P: 750 G: 50 - 500 Stgn: 25 Sel: Ranked Trny: 3 Mut: 0 MI: 0,1 Elit: 0 
"30/05/2022 18:31",177,-12045,-14219,P: 750 G: 50 - 500 Stgn: 25 Sel: Ranked Trny: 3 Mut: 0 MI: 0,1 Elit: 0 
"30/05/2022 18:32",178,-12222,-14182,P: 750 G: 50 - 500 Stgn: 25 Sel: Ranked Trny: 3 Mut: 0 MI: 0,1 Elit: 0 
"30/05/2022 18:33",179,-12031,-14218,P: 750 G: 50 - 500 Stgn: 25 Sel: Ranked Trny: 3 Mut: 0 MI: 0,1 Elit: 0 
"30/05/2022 18:34",180,-11210,-14182,P: 750 G: 50 - 500 Stgn: 25 Sel: Ranked Trny: 3 Mut: 0 MI: 0,1 Elit: 0 
"30/05/2022 18:35",181,-12272,-14180,P: 750 G: 50 - 500 Stgn: 25 Sel: Ranked Trny: 3 Mut: 0 MI: 0,1 Elit: 0 
"30/05/2022 18:35",182,-12415,-14206,P: 750 G: 50 - 500 Stgn: 25 Sel: Ranked Trny: 3 Mut: 0 MI: 0,1 Elit: 0 
"30/05/2022 18:36",183,-11499,-14214,P: 750 G: 50 - 500 Stgn: 25 Sel: Ranked Trny: 3 Mut: 0 MI: 0,1 Elit: 0 
"30/05/2022 18:37",184,-11793,-14130,P: 750 G: 50 - 500 Stgn: 25 Sel: Ranked Trny: 3 Mut: 0 MI: 0,1 Elit: 0 
"30/05/2022 18:38",185,-11220,-14190,P: 750 G: 50 - 500 Stgn: 25 Sel: Ranked Trny: 3 Mut: 0 MI: 0,1 Elit: 0 
"30/05/2022 18:39",186,-11978,-14182,P: 750 G: 50 - 500 Stgn: 25 Sel: Ranked Trny: 3 Mut: 0 MI: 0,1 Elit: 0 
"30/05/2022 18:39",187,-12310,-14151,P: 750 G: 50 - 500 Stgn: 25 Sel: Ranked Trny: 3 Mut: 0 MI: 0,1 Elit: 0 
"30/05/2022 18:40",188,-12100,-14179,P: 750 G: 50 - 500 Stgn: 25 Sel: Ranked Trny: 3 Mut: 0 MI: 0,1 Elit: 0 
"30/05/2022 18:41",189,-12218,-14135,P: 750 G: 50 - 500 Stgn: 25 Sel: Ranked Trny: 3 Mut: 0 MI: 0,1 Elit: 0 
"30/05/2022 18:42",190,-12179,-14193,P: 750 G: 50 - 500 Stgn: 25 Sel: Ranked Trny: 3 Mut: 0 MI: 0,1 Elit: 0 
"30/05/2022 18:43",191,-12103,-14183,P: 750 G: 50 - 500 Stgn: 25 Sel: Ranked Trny: 3 Mut: 0 MI: 0,1 Elit: 0 
"30/05/2022 18:44",192,-11795,-14173,P: 750 G: 50 - 500 Stgn: 25 Sel: Ranked Trny: 3 Mut: 0 MI: 0,1 Elit: 0 
"30/05/2022 18:44",193,-11657,-14122,P: 750 G: 50 - 500 Stgn: 25 Sel: Ranked Trny: 3 Mut: 0 MI: 0,1 Elit: 0 
"30/05/2022 18:45",194,-12155,-14151,P: 750 G: 50 - 500 Stgn: 25 Sel: Ranked Trny: 3 Mut: 0 MI: 0,1 Elit: 0 
"30/05/2022 18:46",195,-11346,-14160,P: 750 G: 50 - 500 Stgn: 25 Sel: Ranked Trny: 3 Mut: 0 MI: 0,1 Elit: 0 
"30/05/2022 18:47",196,-12248,-14097,P: 750 G: 50 - 500 Stgn: 25 Sel: Ranked Trny: 3 Mut: 0 MI: 0,1 Elit: 0 
"30/05/2022 18:48",197,-11846,-14111,P: 750 G: 50 - 500 Stgn: 25 Sel: Ranked Trny: 3 Mut: 0 MI: 0,1 Elit: 0 
"30/05/2022 18:48",198,-12186,-14134,P: 750 G: 50 - 500 Stgn: 25 Sel: Ranked Trny: 3 Mut: 0 MI: 0,1 Elit: 0 
"30/05/2022 18:49",199,-11059,-14127,P: 750 G: 50 - 500 Stgn: 25 Sel: Ranked Trny: 3 Mut: 0 MI: 0,1 Elit: 0 
"30/05/2022 18:50",200,-11450,-14070,P: 750 G: 50 - 500 Stgn: 25 Sel: Ranked Trny: 3 Mut: 0 MI: 0,1 Elit: 0 
"30/05/2022 18:51",201,-11700,-14130,P: 750 G: 50 - 500 Stgn: 25 Sel: Ranked Trny: 3 Mut: 0 MI: 0,1 Elit: 0 
"30/05/2022 18:52",202,-12068,-14076,P: 750 G: 50 - 500 Stgn: 25 Sel: Ranked Trny: 3 Mut: 0 MI: 0,1 Elit: 0 
"30/05/2022 18:53",203,-11854,-14093,P: 750 G: 50 - 500 Stgn: 25 Sel: Ranked Trny: 3 Mut: 0 MI: 0,1 Elit: 0 
"30/05/2022 18:53",204,-12132,-14078,P: 750 G: 50 - 500 Stgn: 25 Sel: Ranked Trny: 3 Mut: 0 MI: 0,1 Elit: 0 
"30/05/2022 18:54",205,-11950,-14148,P: 750 G: 50 - 500 Stgn: 25 Sel: Ranked Trny: 3 Mut: 0 MI: 0,1 Elit: 0 
"30/05/2022 18:55",206,-11371,-14062,P: 750 G: 50 - 500 Stgn: 25 Sel: Ranked Trny: 3 Mut: 0 MI: 0,1 Elit: 0 
"30/05/2022 18:56",207,-12305,-14111,P: 750 G: 50 - 500 Stgn: 25 Sel: Ranked Trny: 3 Mut: 0 MI: 0,1 Elit: 0 
"30/05/2022 18:57",208,-11906,-14059,P: 750 G: 50 - 500 Stgn: 25 Sel: Ranked Trny: 3 Mut: 0 MI: 0,1 Elit: 0 
"30/05/2022 18:57",209,-11975,-14040,P: 750 G: 50 - 500 Stgn: 25 Sel: Ranked Trny: 3 Mut: 0 MI: 0,1 Elit: 0 
"30/05/2022 18:58",210,-11658,-14121,P: 750 G: 50 - 500 Stgn: 25 Sel: Ranked Trny: 3 Mut: 0 MI: 0,1 Elit: 0 
"30/05/2022 18:59",211,-11755,-14079,P: 750 G: 50 - 500 Stgn: 25 Sel: Ranked Trny: 3 Mut: 0 MI: 0,1 Elit: 0 
"30/05/2022 19:00",212,-11612,-14055,P: 750 G: 50 - 500 Stgn: 25 Sel: Ranked Trny: 3 Mut: 0 MI: 0,1 Elit: 0 
"30/05/2022 19:01",213,-11319,-14027,P: 750 G: 50 - 500 Stgn: 25 Sel: Ranked Trny: 3 Mut: 0 MI: 0,1 Elit: 0 
"30/05/2022 19:01",214,-12019,-14023,P: 750 G: 50 - 500 Stgn: 25 Sel: Ranked Trny: 3 Mut: 0 MI: 0,1 Elit: 0 
"30/05/2022 19:02",215,-11589,-14048,P: 750 G: 50 - 500 Stgn: 25 Sel: Ranked Trny: 3 Mut: 0 MI: 0,1 Elit: 0 
"30/05/2022 19:03",216,-11540,-14045,P: 750 G: 50 - 500 Stgn: 25 Sel: Ranked Trny: 3 Mut: 0 MI: 0,1 Elit: 0 
"30/05/2022 19:04",217,-12037,-14087,P: 750 G: 50 - 500 Stgn: 25 Sel: Ranked Trny: 3 Mut: 0 MI: 0,1 Elit: 0 
"30/05/2022 19:05",218,-11925,-14061,P: 750 G: 50 - 500 Stgn: 25 Sel: Ranked Trny: 3 Mut: 0 MI: 0,1 Elit: 0 
"30/05/2022 19:06",219,-11725,-14043,P: 750 G: 50 - 500 Stgn: 25 Sel: Ranked Trny: 3 Mut: 0 MI: 0,1 Elit: 0 
"30/05/2022 19:06",220,-11935,-14035,P: 750 G: 50 - 500 Stgn: 25 Sel: Ranked Trny: 3 Mut: 0 MI: 0,1 Elit: 0 
"30/05/2022 19:07",221,-11923,-14040,P: 750 G: 50 - 500 Stgn: 25 Sel: Ranked Trny: 3 Mut: 0 MI: 0,1 Elit: 0 
"30/05/2022 19:08",222,-11593,-14018,P: 750 G: 50 - 500 Stgn: 25 Sel: Ranked Trny: 3 Mut: 0 MI: 0,1 Elit: 0 
"30/05/2022 19:09",223,-11720,-14034,P: 750 G: 50 - 500 Stgn: 25 Sel: Ranked Trny: 3 Mut: 0 MI: 0,1 Elit: 0 
"30/05/2022 19:10",224,-11976,-14069,P: 750 G: 50 - 500 Stgn: 25 Sel: Ranked Trny: 3 Mut: 0 MI: 0,1 Elit: 0 
"30/05/2022 19:10",225,-11739,-14034,P: 750 G: 50 - 500 Stgn: 25 Sel: Ranked Trny: 3 Mut: 0 MI: 0,1 Elit: 0 
"30/05/2022 19:11",226,-11956,-14087,P: 750 G: 50 - 500 Stgn: 25 Sel: Ranked Trny: 3 Mut: 0 MI: 0,1 Elit: 0 
"30/05/2022 19:12",227,-11758,-14039,P: 750 G: 50 - 500 Stgn: 25 Sel: Ranked Trny: 3 Mut: 0 MI: 0,1 Elit: 0 
"30/05/2022 19:13",228,-12024,-14040,P: 750 G: 50 - 500 Stgn: 25 Sel: Ranked Trny: 3 Mut: 0 MI: 0,1 Elit: 0 
"30/05/2022 19:14",229,-11258,-14053,P: 750 G: 50 - 500 Stgn: 25 Sel: Ranked Trny: 3 Mut: 0 MI: 0,1 Elit: 0 
"30/05/2022 19:15",230,-11857,-14017,P: 750 G: 50 - 500 Stgn: 25 Sel: Ranked Trny: 3 Mut: 0 MI: 0,1 Elit: 0 
"30/05/2022 19:15",231,-11849,-14035,P: 750 G: 50 - 500 Stgn: 25 Sel: Ranked Trny: 3 Mut: 0 MI: 0,1 Elit: 0 
"30/05/2022 19:16",232,-11698,-14055,P: 750 G: 50 - 500 Stgn: 25 Sel: Ranked Trny: 3 Mut: 0 MI: 0,1 Elit: 0 
"30/05/2022 19:17",233,-11506,-13986,P: 750 G: 50 - 500 Stgn: 25 Sel: Ranked Trny: 3 Mut: 0 MI: 0,1 Elit: 0 
"30/05/2022 19:18",234,-11542,-14045,P: 750 G: 50 - 500 Stgn: 25 Sel: Ranked Trny: 3 Mut: 0 MI: 0,1 Elit: 0 
"30/05/2022 19:19",235,-11748,-14043,P: 750 G: 50 - 500 Stgn: 25 Sel: Ranked Trny: 3 Mut: 0 MI: 0,1 Elit: 0 
"30/05/2022 19:19",236,-11033,-13997,P: 750 G: 50 - 500 Stgn: 25 Sel: Ranked Trny: 3 Mut: 0 MI: 0,1 Elit: 0 
"30/05/2022 19:20",237,-11487,-14042,P: 750 G: 50 - 500 Stgn: 25 Sel: Ranked Trny: 3 Mut: 0 MI: 0,1 Elit: 0 
"30/05/2022 19:21",238,-11626,-14014,P: 750 G: 50 - 500 Stgn: 25 Sel: Ranked Trny: 3 Mut: 0 MI: 0,1 Elit: 0 
"30/05/2022 19:22",239,-12005,-14012,P: 750 G: 50 - 500 Stgn: 25 Sel: Ranked Trny: 3 Mut: 0 MI: 0,1 Elit: 0 
"30/05/2022 19:23",240,-11401,-14025,P: 750 G: 50 - 500 Stgn: 25 Sel: Ranked Trny: 3 Mut: 0 MI: 0,1 Elit: 0 
"30/05/2022 19:24",241,-11714,-14016,P: 750 G: 50 - 500 Stgn: 25 Sel: Ranked Trny: 3 Mut: 0 MI: 0,1 Elit: 0 
"30/05/2022 19:24",242,-11945,-13983,P: 750 G: 50 - 500 Stgn: 25 Sel: Ranked Trny: 3 Mut: 0 MI: 0,1 Elit: 0 
"30/05/2022 19:25",243,-11817,-14009,P: 750 G: 50 - 500 Stgn: 25 Sel: Ranked Trny: 3 Mut: 0 MI: 0,1 Elit: 0 
"30/05/2022 19:26",244,-11985,-13990,P: 750 G: 50 - 500 Stgn: 25 Sel: Ranked Trny: 3 Mut: 0 MI: 0,1 Elit: 0 
"30/05/2022 19:27",245,-11624,-13969,P: 750 G: 50 - 500 Stgn: 25 Sel: Ranked Trny: 3 Mut: 0 MI: 0,1 Elit: 0 
"30/05/2022 19:28",246,-11905,-13955,P: 750 G: 50 - 500 Stgn: 25 Sel: Ranked Trny: 3 Mut: 0 MI: 0,1 Elit: 0 
"30/05/2022 19:28",247,-11973,-14019,P: 750 G: 50 - 500 Stgn: 25 Sel: Ranked Trny: 3 Mut: 0 MI: 0,1 Elit: 0 
"30/05/2022 19:29",248,-11840,-13997,P: 750 G: 50 - 500 Stgn: 25 Sel: Ranked Trny: 3 Mut: 0 MI: 0,1 Elit: 0 
"30/05/2022 19:30",249,-11715,-13969,P: 750 G: 50 - 500 Stgn: 25 Sel: Ranked Trny: 3 Mut: 0 MI: 0,1 Elit: 0 
"30/05/2022 19:31",250,-11877,-14014,P: 750 G: 50 - 500 Stgn: 25 Sel: Ranked Trny: 3 Mut: 0 MI: 0,1 Elit: 0 
"30/05/2022 19:32",251,-11801,-13990,P: 750 G: 50 - 500 Stgn: 25 Sel: Ranked Trny: 3 Mut: 0 MI: 0,1 Elit: 0 
"30/05/2022 19:32",252,-11895,-14014,P: 750 G: 50 - 500 Stgn: 25 Sel: Ranked Trny: 3 Mut: 0 MI: 0,1 Elit: 0 
"30/05/2022 19:33",253,-12021,-13969,P: 750 G: 50 - 500 Stgn: 25 Sel: Ranked Trny: 3 Mut: 0 MI: 0,1 Elit: 0 
"30/05/2022 19:34",254,-11646,-13983,P: 750 G: 50 - 500 Stgn: 25 Sel: Ranked Trny: 3 Mut: 0 MI: 0,1 Elit: 0 
"30/05/2022 19:35",255,-12016,-13974,P: 750 G: 50 - 500 Stgn: 25 Sel: Ranked Trny: 3 Mut: 0 MI: 0,1 Elit: 0 
"30/05/2022 19:36",256,-11556,-13963,P: 750 G: 50 - 500 Stgn: 25 Sel: Ranked Trny: 3 Mut: 0 MI: 0,1 Elit: 0 
"30/05/2022 19:36",257,-11803,-13944,P: 750 G: 50 - 500 Stgn: 25 Sel: Ranked Trny: 3 Mut: 0 MI: 0,1 Elit: 0 
"30/05/2022 19:37",258,-11832,-13965,P: 750 G: 50 - 500 Stgn: 25 Sel: Ranked Trny: 3 Mut: 0 MI: 0,1 Elit: 0 
"30/05/2022 19:38",259,-11775,-13960,P: 750 G: 50 - 500 Stgn: 25 Sel: Ranked Trny: 3 Mut: 0 MI: 0,1 Elit: 0 
"30/05/2022 19:39",260,-11412,-14017,P: 750 G: 50 - 500 Stgn: 25 Sel: Ranked Trny: 3 Mut: 0 MI: 0,1 Elit: 0 
"30/05/2022 19:40",261,-11229,-14034,P: 750 G: 50 - 500 Stgn: 25 Sel: Ranked Trny: 3 Mut: 0 MI: 0,1 Elit: 0 
"30/05/2022 19:40",262,-11976,-13981,P: 750 G: 50 - 500 Stgn: 25 Sel: Ranked Trny: 3 Mut: 0 MI: 0,1 Elit: 0 
"30/05/2022 19:41",263,-12050,-13960,P: 750 G: 50 - 500 Stgn: 25 Sel: Ranked Trny: 3 Mut: 0 MI: 0,1 Elit: 0 
"30/05/2022 19:42",264,-12224,-13999,P: 750 G: 50 - 500 Stgn: 25 Sel: Ranked Trny: 3 Mut: 0 MI: 0,1 Elit: 0 
"30/05/2022 19:43",265,-11715,-13993,P: 750 G: 50 - 500 Stgn: 25 Sel: Ranked Trny: 3 Mut: 0 MI: 0,1 Elit: 0 
"30/05/2022 19:44",266,-12011,-14044,P: 750 G: 50 - 500 Stgn: 25 Sel: Ranked Trny: 3 Mut: 0 MI: 0,1 Elit: 0 
"30/05/2022 19:44",267,-11739,-13979,P: 750 G: 50 - 500 Stgn: 25 Sel: Ranked Trny: 3 Mut: 0 MI: 0,1 Elit: 0 
"30/05/2022 19:45",268,-11175,-13957,P: 750 G: 50 - 500 Stgn: 25 Sel: Ranked Trny: 3 Mut: 0 MI: 0,1 Elit: 0 
"30/05/2022 19:46",269,-11766,-13969,P: 750 G: 50 - 500 Stgn: 25 Sel: Ranked Trny: 3 Mut: 0 MI: 0,1 Elit: 0 
"30/05/2022 19:47",270,-11689,-13946,P: 750 G: 50 - 500 Stgn: 25 Sel: Ranked Trny: 3 Mut: 0 MI: 0,1 Elit: 0 
"30/05/2022 19:48",271,-11719,-13966,P: 750 G: 50 - 500 Stgn: 25 Sel: Ranked Trny: 3 Mut: 0 MI: 0,1 Elit: 0 
"30/05/2022 19:48",272,-12108,-13960,P: 750 G: 50 - 500 Stgn: 25 Sel: Ranked Trny: 3 Mut: 0 MI: 0,1 Elit: 0 
"30/05/2022 19:49",273,-11285,-13957,P: 750 G: 50 - 500 Stgn: 25 Sel: Ranked Trny: 3 Mut: 0 MI: 0,1 Elit: 0 
"30/05/2022 19:50",274,-11873,-13948,P: 750 G: 50 - 500 Stgn: 25 Sel: Ranked Trny: 3 Mut: 0 MI: 0,1 Elit: 0 
"30/05/2022 19:51",275,-11840,-13961,P: 750 G: 50 - 500 Stgn: 25 Sel: Ranked Trny: 3 Mut: 0 MI: 0,1 Elit: 0 
"30/05/2022 19:52",276,-11745,-13972,P: 750 G: 50 - 500 Stgn: 25 Sel: Ranked Trny: 3 Mut: 0 MI: 0,1 Elit: 0 
"30/05/2022 19:52",277,-11954,-13967,P: 750 G: 50 - 500 Stgn: 25 Sel: Ranked Trny: 3 Mut: 0 MI: 0,1 Elit: 0 
"30/05/2022 19:53",278,-12008,-13961,P: 750 G: 50 - 500 Stgn: 25 Sel: Ranked Trny: 3 Mut: 0 MI: 0,1 Elit: 0 
"30/05/2022 19:54",279,-12107,-13909,P: 750 G: 50 - 500 Stgn: 25 Sel: Ranked Trny: 3 Mut: 0 MI: 0,1 Elit: 0 
"30/05/2022 19:55",280,-11225,-13980,P: 750 G: 50 - 500 Stgn: 25 Sel: Ranked Trny: 3 Mut: 0 MI: 0,1 Elit: 0 
"30/05/2022 19:56",281,-11983,-13948,P: 750 G: 50 - 500 Stgn: 25 Sel: Ranked Trny: 3 Mut: 0 MI: 0,1 Elit: 0 
"30/05/2022 19:57",282,-11908,-13922,P: 750 G: 50 - 500 Stgn: 25 Sel: Ranked Trny: 3 Mut: 0 MI: 0,1 Elit: 0 
"30/05/2022 19:57",283,-11701,-13959,P: 750 G: 50 - 500 Stgn: 25 Sel: Ranked Trny: 3 Mut: 0 MI: 0,1 Elit: 0 
"30/05/2022 19:58",284,-11905,-13966,P: 750 G: 50 - 500 Stgn: 25 Sel: Ranked Trny: 3 Mut: 0 MI: 0,1 Elit: 0 
"30/05/2022 19:59",285,-12030,-13899,P: 750 G: 50 - 500 Stgn: 25 Sel: Ranked Trny: 3 Mut: 0 MI: 0,1 Elit: 0 
"30/05/2022 20:00",286,-11715,-13987,P: 750 G: 50 - 500 Stgn: 25 Sel: Ranked Trny: 3 Mut: 0 MI: 0,1 Elit: 0 
"30/05/2022 20:01",287,-11923,-13948,P: 750 G: 50 - 500 Stgn: 25 Sel: Ranked Trny: 3 Mut: 0 MI: 0,1 Elit: 0 
"30/05/2022 20:01",288,-11638,-13929,P: 750 G: 50 - 500 Stgn: 25 Sel: Ranked Trny: 3 Mut: 0 MI: 0,1 Elit: 0 
"30/05/2022 20:02",289,-11767,-13965,P: 750 G: 50 - 500 Stgn: 25 Sel: Ranked Trny: 3 Mut: 0 MI: 0,1 Elit: 0 
"30/05/2022 20:03",290,-11974,-13963,P: 750 G: 50 - 500 Stgn: 25 Sel: Ranked Trny: 3 Mut: 0 MI: 0,1 Elit: 0 
"30/05/2022 20:04",291,-11776,-13957,P: 750 G: 50 - 500 Stgn: 25 Sel: Ranked Trny: 3 Mut: 0 MI: 0,1 Elit: 0 
"30/05/2022 20:04",292,-10720,-13991,P: 750 G: 50 - 500 Stgn: 25 Sel: Ranked Trny: 3 Mut: 0 MI: 0,1 Elit: 0 
"30/05/2022 20:05",293,-11928,-14012,P: 750 G: 50 - 500 Stgn: 25 Sel: Ranked Trny: 3 Mut: 0 MI: 0,1 Elit: 0 
"30/05/2022 20:06",294,-11816,-13978,P: 750 G: 50 - 500 Stgn: 25 Sel: Ranked Trny: 3 Mut: 0 MI: 0,1 Elit: 0 
"30/05/2022 20:07",295,-11710,-13902,P: 750 G: 50 - 500 Stgn: 25 Sel: Ranked Trny: 3 Mut: 0 MI: 0,1 Elit: 0 
"30/05/2022 20:08",296,-12264,-13986,P: 750 G: 50 - 500 Stgn: 25 Sel: Ranked Trny: 3 Mut: 0 MI: 0,1 Elit: 0 
"30/05/2022 20:09",297,-11752,-13962,P: 750 G: 50 - 500 Stgn: 25 Sel: Ranked Trny: 3 Mut: 0 MI: 0,1 Elit: 0 
"30/05/2022 20:09",298,-11503,-13974,P: 750 G: 50 - 500 Stgn: 25 Sel: Ranked Trny: 3 Mut: 0 MI: 0,1 Elit: 0 
"30/05/2022 20:10",299,-10709,-13953,P: 750 G: 50 - 500 Stgn: 25 Sel: Ranked Trny: 3 Mut: 0 MI: 0,1 Elit: 0 
"30/05/2022 20:11",300,-11875,-13988,P: 750 G: 50 - 500 Stgn: 25 Sel: Ranked Trny: 3 Mut: 0 MI: 0,1 Elit: 0 
"30/05/2022 20:12",301,-11738,-13969,P: 750 G: 50 - 500 Stgn: 25 Sel: Ranked Trny: 3 Mut: 0 MI: 0,1 Elit: 0 
"30/05/2022 20:13",302,-11800,-13979,P: 750 G: 50 - 500 Stgn: 25 Sel: Ranked Trny: 3 Mut: 0 MI: 0,1 Elit: 0 
"30/05/2022 20:13",303,-11802,-13920,P: 750 G: 50 - 500 Stgn: 25 Sel: Ranked Trny: 3 Mut: 0 MI: 0,1 Elit: 0 
"30/05/2022 20:14",304,-11587,-13932,P: 750 G: 50 - 500 Stgn: 25 Sel: Ranked Trny: 3 Mut: 0 MI: 0,1 Elit: 0 
"30/05/2022 20:15",305,-12040,-13936,P: 750 G: 50 - 500 Stgn: 25 Sel: Ranked Trny: 3 Mut: 0 MI: 0,1 Elit: 0 
"30/05/2022 20:16",306,-11868,-13906,P: 750 G: 50 - 500 Stgn: 25 Sel: Ranked Trny: 3 Mut: 0 MI: 0,1 Elit: 0 
"30/05/2022 20:17",307,-11355,-13948,P: 750 G: 50 - 500 Stgn: 25 Sel: Ranked Trny: 3 Mut: 0 MI: 0,1 Elit: 0 
"30/05/2022 20:17",308,-11860,-13967,P: 750 G: 50 - 500 Stgn: 25 Sel: Ranked Trny: 3 Mut: 0 MI: 0,1 Elit: 0 
"30/05/2022 20:18",309,-11966,-13923,P: 750 G: 50 - 500 Stgn: 25 Sel: Ranked Trny: 3 Mut: 0 MI: 0,1 Elit: 0 
"30/05/2022 20:19",310,-11667,-13923,P: 750 G: 50 - 500 Stgn: 25 Sel: Ranked Trny: 3 Mut: 0 MI: 0,1 Elit: 0 
"30/05/2022 20:20",311,-11742,-13916,P: 750 G: 50 - 500 Stgn: 25 Sel: Ranked Trny: 3 Mut: 0 MI: 0,1 Elit: 0 
"30/05/2022 20:21",312,-11843,-13964,P: 750 G: 50 - 500 Stgn: 25 Sel: Ranked Trny: 3 Mut: 0 MI: 0,1 Elit: 0 
"30/05/2022 20:22",313,-11757,-13914,P: 750 G: 50 - 500 Stgn: 25 Sel: Ranked Trny: 3 Mut: 0 MI: 0,1 Elit: 0 
"30/05/2022 20:23",314,-11678,-13928,P: 750 G: 50 - 500 Stgn: 25 Sel: Ranked Trny: 3 Mut: 0 MI: 0,1 Elit: 0 
"30/05/2022 20:23",315,-11895,-13956,P: 750 G: 50 - 500 Stgn: 25 Sel: Ranked Trny: 3 Mut: 0 MI: 0,1 Elit: 0 
"30/05/2022 20:24",316,-11700,-13943,P: 750 G: 50 - 500 Stgn: 25 Sel: Ranked Trny: 3 Mut: 0 MI: 0,1 Elit: 0 
"30/05/2022 20:25",317,-12077,-13905,P: 750 G: 50 - 500 Stgn: 25 Sel: Ranked Trny: 3 Mut: 0 MI: 0,1 Elit: 0 
"30/05/2022 20:26",318,-11590,-13925,P: 750 G: 50 - 500 Stgn: 25 Sel: Ranked Trny: 3 Mut: 0 MI: 0,1 Elit: 0 
"30/05/2022 20:27",319,-11214,-13959,P: 750 G: 50 - 500 Stgn: 25 Sel: Ranked Trny: 3 Mut: 0 MI: 0,1 Elit: 0 
"30/05/2022 20:28",320,-11461,-13854,P: 750 G: 50 - 500 Stgn: 25 Sel: Ranked Trny: 3 Mut: 0 MI: 0,1 Elit: 0 
"30/05/2022 20:28",321,-11522,-13914,P: 750 G: 50 - 500 Stgn: 25 Sel: Ranked Trny: 3 Mut: 0 MI: 0,1 Elit: 0 
"30/05/2022 20:29",322,-12156,-13907,P: 750 G: 50 - 500 Stgn: 25 Sel: Ranked Trny: 3 Mut: 0 MI: 0,1 Elit: 0 
"30/05/2022 20:30",323,-11843,-13949,P: 750 G: 50 - 500 Stgn: 25 Sel: Ranked Trny: 3 Mut: 0 MI: 0,1 Elit: 0 
"30/05/2022 20:31",324,-11919,-13898,P: 750 G: 50 - 500 Stgn: 25 Sel: Ranked Trny: 3 Mut: 0 MI: 0,1 Elit: 0 
"30/05/2022 20:32",325,-11565,-13931,P: 750 G: 50 - 500 Stgn: 25 Sel: Ranked Trny: 3 Mut: 0 MI: 0,1 Elit: 0 
"30/05/2022 20:33",326,-11713,-13909,P: 750 G: 50 - 500 Stgn: 25 Sel: Ranked Trny: 3 Mut: 0 MI: 0,1 Elit: 0 
"30/05/2022 20:33",327,-11767,-13930,P: 750 G: 50 - 500 Stgn: 25 Sel: Ranked Trny: 3 Mut: 0 MI: 0,1 Elit: 0 
"30/05/2022 20:34",328,-11396,-13939,P: 750 G: 50 - 500 Stgn: 25 Sel: Ranked Trny: 3 Mut: 0 MI: 0,1 Elit: 0 
"30/05/2022 20:35",329,-11673,-13912,P: 750 G: 50 - 500 Stgn: 25 Sel: Ranked Trny: 3 Mut: 0 MI: 0,1 Elit: 0 
"30/05/2022 20:36",330,-11860,-13911,P: 750 G: 50 - 500 Stgn: 25 Sel: Ranked Trny: 3 Mut: 0 MI: 0,1 Elit: 0 
"30/05/2022 20:37",331,-11831,-13868,P: 750 G: 50 - 500 Stgn: 25 Sel: Ranked Trny: 3 Mut: 0 MI: 0,1 Elit: 0 
"30/05/2022 20:37",332,-11908,-13891,P: 750 G: 50 - 500 Stgn: 25 Sel: Ranked Trny: 3 Mut: 0 MI: 0,1 Elit: 0 
"30/05/2022 20:38",333,-11616,-13912,P: 750 G: 50 - 500 Stgn: 25 Sel: Ranked Trny: 3 Mut: 0 MI: 0,1 Elit: 0 
"30/05/2022 20:39",334,-11564,-13906,P: 750 G: 50 - 500 Stgn: 25 Sel: Ranked Trny: 3 Mut: 0 MI: 0,1 Elit: 0 
"30/05/2022 20:40",335,-11893,-13959,P: 750 G: 50 - 500 Stgn: 25 Sel: Ranked Trny: 3 Mut: 0 MI: 0,1 Elit: 0 
"30/05/2022 20:41",336,-11743,-13873,P: 750 G: 50 - 500 Stgn: 25 Sel: Ranked Trny: 3 Mut: 0 MI: 0,1 Elit: 0 
"30/05/2022 20:42",337,-11926,-13948,P: 750 G: 50 - 500 Stgn: 25 Sel: Ranked Trny: 3 Mut: 0 MI: 0,1 Elit: 0 
"30/05/2022 20:42",338,-12002,-13932,P: 750 G: 50 - 500 Stgn: 25 Sel: Ranked Trny: 3 Mut: 0 MI: 0,1 Elit: 0 
"30/05/2022 20:43",339,-10858,-13926,P: 750 G: 50 - 500 Stgn: 25 Sel: Ranked Trny: 3 Mut: 0 MI: 0,1 Elit: 0 
"30/05/2022 20:44",340,-11918,-13922,P: 750 G: 50 - 500 Stgn: 25 Sel: Ranked Trny: 3 Mut: 0 MI: 0,1 Elit: 0 
"30/05/2022 20:45",341,-11428,-13884,P: 750 G: 50 - 500 Stgn: 25 Sel: Ranked Trny: 3 Mut: 0 MI: 0,1 Elit: 0 
"30/05/2022 20:46",342,-11426,-13941,P: 750 G: 50 - 500 Stgn: 25 Sel: Ranked Trny: 3 Mut: 0 MI: 0,1 Elit: 0 
"30/05/2022 20:46",343,-11622,-13902,P: 750 G: 50 - 500 Stgn: 25 Sel: Ranked Trny: 3 Mut: 0 MI: 0,1 Elit: 0 
"30/05/2022 20:47",344,-11956,-13944,P: 750 G: 50 - 500 Stgn: 25 Sel: Ranked Trny: 3 Mut: 0 MI: 0,1 Elit: 0 
"30/05/2022 20:48",345,-11480,-13886,P: 750 G: 50 - 500 Stgn: 25 Sel: Ranked Trny: 3 Mut: 0 MI: 0,1 Elit: 0 
